customer_id,snapshot_date,tenure_months,contract_type,payment_method,internet_service,monthly_charges,total_charges,online_security,online_backup,device_protection,tech_support,streaming_tv,streaming_movies,multiple_lines,senior_citizen,has_partner,has_dependents,paperless_billing,churn
9313-QOLTZ,2024-01-02,26,month_to_month,mailed_check,none,20.9,518.3,0,0,0,0,0,0,0,0,0,0,0,0
6654-QGBZZ,2024-01-02,1,month_to_month,mailed_check,none,19.9,19.9,0,0,0,0,0,0,0,0,0,0,0,0
6877-LGWXO,2024-01-02,18,month_to_month,electronic_check,fiber_optic,78.55,1422.65,0,0,0,0,0,1,0,1,1,0,0,1
8020-BWHYL,2024-01-02,15,month_to_month,credit_card,fiber_optic,75.3,1147.45,0,1,0,0,0,0,0,1,0,0,1,1
3594-IVHJZ,2024-01-02,2,month_to_month,mailed_check,none,20.45,42.45,0,0,0,0,0,0,0,0,0,0,1,0
9507-EXLTT,2024-01-02,1,month_to_month,bank_transfer,fiber_optic,79.35,79.35,0,0,0,0,1,0,0,0,1,0,1,1
9793-WECQC,2024-01-02,23,month_to_month,mailed_check,fiber_optic,95.3,2192.9,0,1,0,0,1,1,0,0,0,0,0,0
1266-NZYUI,2024-01-02,72,two_year,bank_transfer,dsl,66.85,4758.8,1,0,1,1,0,0,1,0,1,1,0,0
2342-CKIAO,2024-01-02,2,month_to_month,mailed_check,none,20.3,41.2,0,0,0,0,0,0,0,0,0,0,0,0
6963-EZQEE,2024-01-02,70,two_year,credit_card,dsl,88.55,6306.5,1,1,1,1,1,1,1,1,1,0,1,0
2796-NNUFI,2024-01-02,46,two_year,mailed_check,none,19.95,927.1,0,0,0,0,0,0,0,0,1,1,1,0
3486-NPGST,2024-01-02,36,one_year,mailed_check,none,19.55,620.75,0,0,0,0,0,0,0,0,0,0,0,0
9070-BCKQP,2024-01-02,72,two_year,credit_card,fiber_optic,110.15,7881.2,1,0,1,1,1,1,1,0,1,0,1,0
7742-MYPGI,2024-01-02,6,month_to_month,mailed_check,dsl,48.8,297.35,0,0,0,1,0,0,0,0,1,1,1,0
9929-PLVPA,2024-01-02,4,month_to_month,credit_card,none,20.4,94.5,0,0,0,0,0,0,0,0,0,1,0,0
9124-LHCJQ,2024-01-02,1,month_to_month,mailed_check,fiber_optic,85.45,85.45,0,0,0,0,0,1,1,0,0,0,1,1
2792-LSHWX,2024-01-02,1,month_to_month,mailed_check,fiber_optic,83.4,83.4,1,1,0,1,0,0,0,0,0,0,1,0
9330-IJWIO,2024-01-02,13,month_to_month,electronic_check,fiber_optic,100.35,1358.85,1,0,0,0,1,1,1,0,0,0,1,1
0617-AQNWT,2024-01-02,64,two_year,electronic_check,dsl,47.85,3147.5,1,0,1,1,0,1,0,0,1,0,0,1
0895-UADGO,2024-01-02,8,two_year,mailed_check,dsl,44.55,343.45,1,0,0,1,0,1,0,0,0,1,1,0
7255-SSFBC,2024-01-02,72,two_year,bank_transfer,fiber_optic,112.25,8041.65,0,1,1,1,1,1,1,0,1,1,1,0
5834-ASPWA,2024-01-02,1,month_to_month,electronic_check,fiber_optic,75.45,75.45,0,0,0,0,0,0,1,0,0,0,1,1
4132-KALRO,2024-01-02,4,month_to_month,mailed_check,fiber_optic,100.85,399.25,0,0,0,1,1,1,1,0,0,0,1,0
8064-RAVOH,2024-01-02,1,month_to_month,electronic_check,dsl,49.85,49.85,0,0,1,0,0,0,0,0,0,1,1,0
8028-PNXHQ,2024-01-02,62,two_year,bank_transfer,none,24.25,1424.6,0,0,0,0,0,0,1,0,1,1,1,0
9508-ILZDG,2024-01-02,34,month_to_month,electronic_check,fiber_optic,96.35,3190.25,0,1,0,1,1,0,1,1,0,0,1,0
4361-JEIVL,2024-01-02,1,month_to_month,electronic_check,dsl,44.4,44.4,0,0,0,0,0,0,0,0,0,1,1,1
2430-USGXP,2024-01-02,24,month_to_month,electronic_check,fiber_optic,101.05,2391.8,0,0,1,0,1,1,1,0,1,0,1,1
5965-GGPRW,2024-01-02,72,two_year,bank_transfer,fiber_optic,105.25,7609.75,1,0,1,0,1,1,1,0,1,1,0,0
2542-HYGIQ,2024-01-02,1,month_to_month,credit_card,none,19.95,19.95,0,0,0,0,0,0,0,0,0,0,0,0
1035-IPQPU,2024-01-02,63,month_to_month,electronic_check,fiber_optic,103.5,6479.4,0,1,1,0,1,1,1,1,1,0,1,0
3617-XLSGQ,2024-01-02,66,two_year,bank_transfer,fiber_optic,109.25,7082.5,1,1,1,0,1,1,1,0,1,1,0,0
9107-UKCKY,2024-01-02,61,one_year,electronic_check,dsl,79.8,4914.8,0,1,1,0,1,1,1,0,1,0,1,0
5146-YYFRZ,2024-01-02,67,two_year,bank_transfer,none,19.95,1311.75,0,0,0,0,0,0,0,0,0,0,0,0
5649-VUKMC,2024-01-02,12,one_year,mailed_check,fiber_optic,95.5,1115.15,0,0,1,0,1,1,0,0,0,0,0,1
3472-OAOOR,2024-01-02,19,month_to_month,mailed_check,dsl,34.95,610.2,1,1,0,0,0,0,0,0,1,1,1,0
0397-ZXWQF,2024-01-02,67,two_year,bank_transfer,none,20.5,1430.95,0,0,0,0,0,0,0,0,0,0,0,0
1346-UFHAX,2024-01-02,13,month_to_month,credit_card,fiber_optic,80.0,1029.35,1,0,0,0,0,0,1,0,0,0,1,0
7252-NTGSS,2024-01-02,1,month_to_month,mailed_check,dsl,45.15,45.15,0,0,0,0,0,0,0,0,0,0,0,0
3198-VELRD,2024-01-02,3,month_to_month,bank_transfer,fiber_optic,84.75,264.85,0,0,0,0,0,1,1,0,1,1,1,1
3407-QGWLG,2024-01-02,3,month_to_month,mailed_check,none,20.05,75.45,0,0,0,0,0,0,0,0,0,1,1,0
9874-QLCLH,2024-01-02,17,month_to_month,electronic_check,fiber_optic,104.2,1743.5,1,0,1,0,1,1,1,0,1,1,1,1
8668-KNZTI,2024-01-02,52,one_year,electronic_check,dsl,53.75,2790.65,1,0,1,0,0,0,0,0,0,0,0,0
8249-THVEC,2024-01-02,51,one_year,mailed_check,none,19.4,997.75,0,0,0,0,0,0,0,0,1,1,0,0
6060-DRTNL,2024-01-02,5,month_to_month,mailed_check,fiber_optic,84.85,415.55,0,0,1,0,1,0,0,1,0,0,1,1
6773-LQTVT,2024-01-02,29,month_to_month,mailed_check,dsl,35.65,1025.15,0,1,1,0,0,0,0,1,1,1,1,0
7853-GVUDZ,2024-01-02,1,month_to_month,credit_card,none,20.15,20.15,0,0,0,0,0,0,0,0,1,1,1,1
4897-QSUYC,2024-01-02,1,month_to_month,mailed_check,none,20.15,20.15,0,0,0,0,0,0,0,0,0,0,1,1
5197-PYEPU,2024-01-02,42,one_year,credit_card,fiber_optic,94.45,3923.8,1,1,0,0,1,0,1,0,1,1,1,0
3785-NRHYR,2024-01-02,1,month_to_month,mailed_check,none,19.65,19.65,0,0,0,0,0,0,0,0,0,0,0,0
6087-MVHJH,2024-01-02,16,month_to_month,electronic_check,fiber_optic,88.45,1422.1,0,0,1,0,0,1,1,0,0,0,1,1
1685-VAYJF,2024-01-02,11,month_to_month,credit_card,dsl,45.2,492.0,0,0,0,0,0,0,0,0,0,0,0,0
9912-GVSEQ,2024-01-02,26,month_to_month,electronic_check,fiber_optic,93.85,2381.55,0,1,1,0,0,1,1,1,1,0,1,1
4636-OLWOE,2024-01-02,54,one_year,electronic_check,dsl,61.0,3283.05,0,1,1,1,0,0,0,0,0,1,1,0
9600-UDOPK,2024-01-02,30,month_to_month,credit_card,fiber_optic,94.05,2866.45,0,0,0,0,1,1,1,0,1,0,1,1
8631-NBHFZ,2024-01-02,66,two_year,credit_card,dsl,79.4,5154.6,1,1,1,1,1,0,1,1,1,1,0,1
1053-MXTTK,2024-01-02,72,two_year,bank_transfer,fiber_optic,108.65,7726.35,1,1,1,1,1,1,0,0,1,1,1,0
3549-ZTMNH,2024-01-02,12,two_year,bank_transfer,none,24.0,269.65,0,0,0,0,0,0,1,0,1,1,1,0
7825-ECJRF,2024-01-02,19,month_to_month,electronic_check,fiber_optic,106.6,1934.45,1,0,1,1,1,1,0,0,0,0,1,1
6439-LAJXL,2024-01-02,9,month_to_month,mailed_check,dsl,68.95,593.85,1,1,0,1,1,0,0,0,1,0,1,0
4075-WKNIU,2024-01-02,0,two_year,mailed_check,dsl,73.35,0.0,0,1,1,1,1,0,1,0,1,1,0,0
8042-RNLKO,2024-01-02,66,one_year,bank_transfer,none,25.45,1699.15,0,0,0,0,0,0,1,0,0,0,0,0
4881-JVQOD,2024-01-02,10,month_to_month,bank_transfer,dsl,34.55,362.6,0,0,0,0,0,1,0,1,1,1,1,0
9593-CVZKR,2024-01-02,56,two_year,mailed_check,none,24.45,1385.85,0,0,0,0,0,0,1,0,1,1,1,0
9972-EWRJS,2024-01-02,67,two_year,bank_transfer,none,19.25,1372.9,0,0,0,0,0,0,0,0,1,1,1,0
9888-ZCUMM,2024-01-02,64,two_year,bank_transfer,dsl,60.05,3845.45,1,0,1,1,1,1,0,0,1,1,1,0
1265-ZFOSD,2024-01-02,64,two_year,mailed_check,dsl,81.3,5129.3,1,1,1,1,0,1,1,0,1,0,1,0
6078-VESFR,2024-01-02,13,month_to_month,bank_transfer,fiber_optic,70.45,849.1,0,0,0,0,0,0,0,1,1,0,0,0
0306-JAELE,2024-01-02,5,month_to_month,electronic_check,fiber_optic,96.1,453.4,0,0,0,1,1,1,0,0,0,0,1,1
7075-BNDVQ,2024-01-02,4,month_to_month,mailed_check,dsl,35.0,135.75,1,0,1,0,0,0,0,0,0,0,0,0
2208-MPXIO,2024-01-02,45,two_year,bank_transfer,none,20.0,886.4,0,0,0,0,0,0,0,0,1,1,1,0
3096-GKWEB,2024-01-02,18,month_to_month,electronic_check,fiber_optic,94.75,1691.9,0,0,0,0,1,1,1,0,1,0,1,0
7404-JLKQG,2024-01-02,3,month_to_month,electronic_check,dsl,57.55,161.45,0,0,1,0,1,0,0,0,0,0,0,0
5049-GLYVG,2024-01-02,1,month_to_month,mailed_check,none,20.6,20.6,0,0,0,0,0,0,0,0,0,0,0,1
6704-UTUKK,2024-01-02,29,month_to_month,electronic_check,dsl,45.9,1332.4,0,0,0,0,1,1,0,0,1,0,1,0
9397-TZSHA,2024-01-02,69,two_year,credit_card,none,24.6,1678.05,0,0,0,0,0,0,1,0,0,0,0,0
4686-UXDML,2024-01-02,21,month_to_month,credit_card,fiber_optic,99.85,1992.55,0,1,0,0,1,1,1,0,0,0,1,0
3808-HFKDE,2024-01-02,20,month_to_month,electronic_check,dsl,44.35,927.15,0,0,0,0,0,0,0,0,0,0,1,0
3580-HYCSP,2024-01-02,72,two_year,bank_transfer,fiber_optic,110.3,7966.9,1,1,1,0,1,1,1,0,1,1,1,0
9795-VOWON,2024-01-02,7,one_year,credit_card,dsl,24.35,150.85,0,0,0,0,0,0,0,0,0,0,1,0
2159-TURXX,2024-01-02,5,month_to_month,credit_card,none,20.05,95.55,0,0,0,0,0,0,0,0,0,0,0,0
0096-BXERS,2024-01-02,6,month_to_month,electronic_check,dsl,50.35,314.55,0,0,0,0,0,0,1,0,1,0,0,0
6507-DTJZV,2024-01-02,13,month_to_month,credit_card,dsl,66.4,831.75,0,0,0,0,1,1,0,0,0,1,0,0
9962-BFPDU,2024-01-02,1,month_to_month,mailed_check,none,20.05,20.05,0,0,0,0,0,0,0,0,1,1,0,0
4587-NUKOX,2024-01-02,3,month_to_month,electronic_check,fiber_optic,79.1,246.5,1,1,0,0,0,0,0,0,0,0,1,1
4060-LDNLU,2024-01-02,7,month_to_month,electronic_check,fiber_optic,96.2,639.7,0,0,0,0,1,1,1,0,0,0,0,0
2379-ENZGV,2024-01-02,6,month_to_month,electronic_check,fiber_optic,84.85,523.5,0,1,0,0,1,0,0,0,0,0,1,1
4877-EVATK,2024-01-02,1,month_to_month,mailed_check,none,20.0,20.0,0,0,0,0,0,0,0,0,0,0,0,1
9442-JTWDL,2024-01-02,11,one_year,credit_card,none,20.05,237.7,0,0,0,0,0,0,0,0,0,0,0,0
2748-MYRVK,2024-01-02,63,one_year,bank_transfer,fiber_optic,99.9,6137.0,0,1,0,0,1,1,1,0,0,0,0,1
3966-HRMZA,2024-01-02,3,month_to_month,mailed_check,fiber_optic,75.05,202.9,0,0,1,0,0,0,0,1,0,0,0,0
2862-JVEOY,2024-01-02,6,one_year,mailed_check,none,19.15,124.4,0,0,0,0,0,0,0,0,0,0,0,0
9489-DEDVP,2024-01-02,70,two_year,credit_card,dsl,69.2,4872.35,1,1,0,0,1,0,1,0,1,1,1,0
9469-WEJBT,2024-01-02,37,month_to_month,electronic_check,fiber_optic,90.35,3419.3,0,0,1,1,0,1,0,0,1,0,1,0
2384-OVPSA,2024-01-02,38,two_year,mailed_check,none,20.2,735.9,0,0,0,0,0,0,0,1,0,0,0,0
2186-QZEYA,2024-01-02,29,month_to_month,bank_transfer,dsl,58.55,1718.95,1,1,0,0,0,0,1,1,0,0,1,0
6202-JVYEU,2024-01-02,9,one_year,electronic_check,none,19.9,164.6,0,0,0,0,0,0,0,0,0,0,1,0
6419-ZTTLE,2024-01-02,23,one_year,electronic_check,none,20.75,485.2,0,0,0,0,0,0,0,1,1,0,1,0
1891-UAWWU,2024-01-02,20,month_to_month,electronic_check,fiber_optic,90.8,1951.0,0,0,1,0,1,0,1,1,1,0,0,1
6963-KQYQB,2024-01-02,70,two_year,mailed_check,none,24.05,1764.75,0,0,0,0,0,0,1,0,1,1,0,0
2521-NPUZR,2024-01-02,70,two_year,credit_card,fiber_optic,101.0,7085.5,1,1,1,1,0,1,0,0,1,0,0,0
8242-SOQUO,2024-01-02,5,month_to_month,electronic_check,fiber_optic,84.7,392.5,0,1,0,0,1,0,0,1,0,0,1,0
9823-EALYC,2024-01-02,72,two_year,bank_transfer,dsl,80.85,5727.45,1,1,1,1,1,0,1,0,1,1,1,0
2314-TNDJQ,2024-01-02,72,two_year,credit_card,dsl,55.65,3880.05,1,1,1,1,0,1,0,0,1,1,0,0
9714-EDSUC,2024-01-02,4,month_to_month,mailed_check,fiber_optic,94.9,360.55,1,1,0,1,0,1,0,0,0,0,1,0
1383-EZRWL,2024-01-02,7,month_to_month,mailed_check,none,20.05,164.85,0,0,0,0,0,0,0,0,0,0,0,1
6617-WLBQC,2024-01-02,23,one_year,credit_card,fiber_optic,81.85,1810.85,1,0,0,0,0,0,1,0,1,1,0,0
6652-YFFJO,2024-01-02,11,month_to_month,electronic_check,dsl,64.9,716.1,0,0,0,0,1,1,0,0,0,0,1,0
1401-FTHFQ,2024-01-02,23,one_year,credit_card,none,20.0,445.3,0,0,0,0,0,0,0,0,1,1,1,0
1803-BGNBD,2024-01-02,12,month_to_month,electronic_check,dsl,54.3,654.5,0,1,0,1,0,0,0,0,0,0,1,0
1470-PSXNM,2024-01-02,49,one_year,electronic_check,fiber_optic,93.65,4520.15,0,1,1,0,1,0,1,0,1,1,1,0
9185-TQCVP,2024-01-02,14,month_to_month,electronic_check,fiber_optic,85.15,1139.2,0,0,0,0,0,1,1,0,1,0,1,1
6481-LXPWL,2024-01-02,56,one_year,credit_card,dsl,36.1,1971.5,0,1,1,0,0,0,0,0,1,1,1,0
5066-GFJMM,2024-01-02,3,month_to_month,mailed_check,none,19.9,45.75,0,0,0,0,0,0,0,0,1,0,1,0
7519-JTWQH,2024-01-02,69,two_year,bank_transfer,fiber_optic,110.5,7455.45,0,1,1,1,1,1,1,0,0,0,1,0
9957-YODKZ,2024-01-02,6,month_to_month,electronic_check,fiber_optic,80.8,457.1,0,0,1,0,0,0,1,1,1,0,1,0
8430-TWCBX,2024-01-02,49,one_year,credit_card,none,20.7,1032.05,0,0,0,0,0,0,0,0,1,0,0,0
5955-ERIHD,2024-01-02,18,month_to_month,electronic_check,fiber_optic,94.7,1687.95,0,0,0,0,1,1,1,0,1,0,1,1
5186-SAMNZ,2024-01-02,1,month_to_month,bank_transfer,fiber_optic,69.5,69.5,0,0,0,0,0,0,0,1,0,0,1,1
5759-RCVCB,2024-01-02,3,month_to_month,credit_card,dsl,35.2,108.95,0,0,0,0,1,0,0,0,0,0,0,1
0220-EBGCE,2024-01-02,2,month_to_month,electronic_check,fiber_optic,85.85,167.3,0,0,1,0,0,1,0,0,0,0,1,1
7427-AUFPY,2024-01-02,54,two_year,credit_card,none,19.65,1008.7,0,0,0,0,0,0,0,0,0,0,0,0
3221-CJMSG,2024-01-02,24,month_to_month,credit_card,dsl,51.1,1269.6,0,0,0,1,0,0,0,0,0,0,1,0
4194-FJARJ,2024-01-02,54,two_year,bank_transfer,dsl,60.0,3273.95,1,0,0,1,0,0,1,0,1,1,0,0
8138-EALND,2024-01-02,15,month_to_month,mailed_check,none,19.75,311.6,0,0,0,0,0,0,0,0,0,0,0,0
8345-MVDYC,2024-01-02,45,two_year,bank_transfer,dsl,81.65,3618.7,1,0,1,1,1,1,0,0,0,0,0,0
6119-SPUDB,2024-01-02,46,two_year,mailed_check,dsl,38.25,1755.35,1,0,1,1,0,0,0,0,0,0,0,0
1202-KKGFU,2024-01-02,12,month_to_month,bank_transfer,dsl,54.2,690.5,1,0,0,1,0,0,0,0,1,0,0,0
6556-DBKZF,2024-01-02,71,two_year,electronic_check,fiber_optic,76.05,5436.45,0,0,1,0,0,0,0,0,1,1,0,0
6339-DKLMK,2024-01-02,13,month_to_month,electronic_check,dsl,31.65,389.95,0,1,0,0,0,0,0,0,0,0,1,0
1977-STDKI,2024-01-02,1,month_to_month,electronic_check,fiber_optic,73.0,73.0,0,1,0,0,0,0,0,1,0,0,1,1
4001-TSBTV,2024-01-02,58,month_to_month,electronic_check,fiber_optic,91.55,5511.65,0,1,1,0,1,0,0,0,1,1,1,0
7912-SYRQT,2024-01-02,7,month_to_month,bank_transfer,fiber_optic,75.1,552.95,0,0,0,0,0,0,1,0,0,0,1,1
4779-ZGICK,2024-01-02,48,two_year,mailed_check,none,23.55,1173.35,0,0,0,0,0,0,1,0,1,1,0,0
0670-ANMUU,2024-01-02,71,one_year,credit_card,fiber_optic,97.65,6687.85,1,0,0,1,0,1,1,0,0,0,0,0
8735-NBLWT,2024-01-02,9,month_to_month,mailed_check,none,20.4,184.1,0,0,0,0,0,0,0,0,0,1,0,0
8930-XOTDP,2024-01-02,18,month_to_month,mailed_check,dsl,55.95,1082.8,0,0,0,0,1,0,0,0,1,1,0,0
6380-ARCEH,2024-01-02,1,month_to_month,mailed_check,none,20.2,20.2,0,0,0,0,0,0,0,0,0,0,0,0
1167-OYZJF,2024-01-02,67,two_year,bank_transfer,none,20.05,1263.05,0,0,0,0,0,0,0,1,1,0,1,0
1628-BIZYP,2024-01-02,1,month_to_month,electronic_check,fiber_optic,85.0,85.0,0,1,0,0,0,1,0,0,0,0,1,0
6284-KMNUF,2024-01-02,56,one_year,electronic_check,fiber_optic,98.0,5270.6,1,0,0,0,1,1,1,0,1,0,1,0
4676-WLUHT,2024-01-02,54,two_year,bank_transfer,dsl,46.2,2431.95,1,1,0,0,0,1,0,0,0,0,0,0
2138-VFAPZ,2024-01-02,14,two_year,mailed_check,none,19.7,263.65,0,0,0,0,0,0,0,0,1,1,1,0
8648-PFRMP,2024-01-02,14,month_to_month,electronic_check,dsl,46.35,672.7,0,0,0,0,1,1,0,1,0,0,1,0
8097-VBQTZ,2024-01-02,54,month_to_month,mailed_check,dsl,69.9,3883.3,1,1,0,1,1,0,0,0,0,0,1,0
6087-YPWHO,2024-01-02,72,two_year,mailed_check,dsl,68.15,4808.7,1,1,1,1,0,0,1,0,1,0,0,0
8109-YUOHE,2024-01-02,17,one_year,mailed_check,dsl,56.1,946.95,1,1,0,0,0,0,0,0,0,0,0,0
3807-XHCJH,2024-01-02,1,month_to_month,electronic_check,none,20.0,20.0,0,0,0,0,0,0,0,0,1,1,0,0
0524-IAVZO,2024-01-02,30,month_to_month,electronic_check,fiber_optic,85.0,2624.25,0,0,0,0,0,1,1,0,1,0,1,1
8957-THMOA,2024-01-02,50,two_year,credit_card,none,20.15,970.85,0,0,0,0,0,0,0,0,0,1,0,0
7521-YXVZY,2024-01-02,3,month_to_month,mailed_check,none,19.95,58.3,0,0,0,0,0,0,0,0,0,1,0,0
7077-XJMET,2024-01-02,12,month_to_month,electronic_check,dsl,74.15,741.4,0,0,1,1,1,1,0,0,1,0,1,0
9625-QSTYE,2024-01-02,13,month_to_month,electronic_check,fiber_optic,81.15,952.3,0,1,1,0,0,0,0,0,0,0,1,1
7924-GJZFI,2024-01-02,25,month_to_month,electronic_check,fiber_optic,69.3,1813.1,0,0,0,0,0,0,0,1,1,0,1,0
2034-GDRCN,2024-01-02,2,month_to_month,electronic_check,fiber_optic,90.4,168.2,0,0,0,0,1,1,0,0,0,0,1,1
4186-ZBUEW,2024-01-02,36,one_year,mailed_check,dsl,70.7,2511.95,0,1,0,1,0,1,1,0,0,0,1,0
4026-SKKHW,2024-01-02,3,month_to_month,mailed_check,dsl,50.25,152.3,0,0,0,1,0,0,0,0,0,0,1,0
8548-AWOFC,2024-01-02,66,month_to_month,electronic_check,dsl,63.85,4264.6,0,0,0,1,0,1,1,0,1,0,0,0
0680-DFNNY,2024-01-02,15,month_to_month,electronic_check,fiber_optic,101.1,1504.05,0,0,1,0,1,1,1,0,1,0,1,1
7501-IWUNG,2024-01-02,61,two_year,bank_transfer,dsl,73.8,4616.05,0,0,1,1,1,1,0,0,1,1,1,0
7176-WRTNX,2024-01-02,70,two_year,bank_transfer,fiber_optic,114.95,7711.25,1,1,1,1,1,1,1,0,0,0,1,0
8450-UYIBU,2024-01-02,35,month_to_month,electronic_check,dsl,39.85,1434.6,0,0,1,0,1,0,0,1,0,0,1,0
1794-HBQTJ,2024-01-02,1,month_to_month,credit_card,dsl,48.6,48.6,1,0,0,0,0,0,0,0,0,0,1,1
1862-QRWPE,2024-01-02,48,two_year,bank_transfer,none,20.65,1057.0,0,0,0,0,0,0,0,0,1,1,0,0
2996-XAUVF,2024-01-02,70,two_year,mailed_check,dsl,40.05,2799.75,0,0,0,1,0,1,0,0,0,0,1,0
7145-FEJWU,2024-01-02,12,month_to_month,electronic_check,fiber_optic,105.3,1275.65,0,1,1,0,1,1,1,0,0,1,1,0
6710-HSJRD,2024-01-02,61,month_to_month,electronic_check,fiber_optic,114.1,7132.15,0,1,1,1,1,1,1,0,1,0,1,0
7530-HDYDS,2024-01-02,38,month_to_month,credit_card,fiber_optic,84.25,3264.5,0,1,1,1,0,0,0,0,0,0,1,1
8042-JVNFH,2024-01-02,1,month_to_month,mailed_check,fiber_optic,71.35,71.35,0,0,0,0,0,0,0,0,0,0,1,1
5127-BZENZ,2024-01-02,56,one_year,bank_transfer,dsl,65.2,3512.15,1,0,0,0,1,0,1,0,1,1,0,0
0876-WDUUZ,2024-01-02,5,month_to_month,credit_card,fiber_optic,85.4,425.9,0,0,0,1,0,1,0,0,0,0,1,1
0356-ERHVT,2024-01-02,11,month_to_month,bank_transfer,dsl,45.9,521.9,0,0,0,0,0,0,0,0,1,0,1,0
9912-OMZDS,2024-01-02,59,one_year,electronic_check,fiber_optic,106.15,6256.2,0,1,1,0,1,1,1,0,1,1,1,0
2275-RBYQS,2024-01-02,1,month_to_month,mailed_check,dsl,45.4,45.4,0,0,0,0,0,0,0,0,0,0,1,0
0917-EZOLA,2024-01-02,72,two_year,bank_transfer,fiber_optic,104.15,7689.95,0,1,1,0,1,1,1,1,1,0,1,1
2749-CTKAJ,2024-01-02,22,one_year,mailed_check,none,20.15,419.9,0,0,0,0,0,0,0,0,1,1,0,0
5160-UXJED,2024-01-02,17,one_year,mailed_check,dsl,44.6,681.4,0,0,0,0,0,0,0,0,0,1,0,0
7244-QWYHG,2024-01-02,50,one_year,bank_transfer,dsl,44.45,2188.45,1,0,0,1,1,0,0,0,1,0,1,0
4226-KKDON,2024-01-02,8,month_to_month,electronic_check,dsl,66.65,520.95,0,1,0,1,1,0,0,0,0,0,1,0
7018-FPXHH,2024-01-02,56,two_year,bank_transfer,dsl,59.8,3457.45,1,1,1,0,0,0,0,0,1,1,1,0
9897-KXHCM,2024-01-02,3,month_to_month,electronic_check,fiber_optic,80.3,250.05,0,0,0,0,0,1,0,0,1,1,1,1
1222-KJNZD,2024-01-02,40,month_to_month,bank_transfer,none,20.4,745.3,0,0,0,0,0,0,0,0,1,1,1,0
2452-KDRRH,2024-01-02,67,month_to_month,credit_card,fiber_optic,101.4,6841.05,0,0,1,0,1,1,1,1,0,0,1,0
6892-EZDTG,2024-01-02,4,month_to_month,electronic_check,fiber_optic,91.65,365.4,0,1,0,0,1,0,1,0,1,0,1,1
6980-CDGFC,2024-01-02,67,one_year,bank_transfer,none,20.85,1327.4,0,0,0,0,0,0,0,0,1,0,1,0
5071-FBJFS,2024-01-02,4,month_to_month,electronic_check,dsl,50.3,217.1,1,0,0,0,0,0,0,0,1,1,0,0
4018-PPNDW,2024-01-02,61,two_year,mailed_check,none,24.1,1551.6,0,0,0,0,0,0,1,0,1,1,1,0
9066-QRSDU,2024-01-02,69,one_year,electronic_check,none,26.3,1763.55,0,0,0,0,0,0,1,0,1,0,1,0
0318-ZOPWS,2024-01-02,49,two_year,bank_transfer,none,20.15,973.35,0,0,0,0,0,0,0,0,1,0,1,0
0419-YAAPX,2024-01-02,49,month_to_month,credit_card,fiber_optic,85.3,4297.95,0,1,0,0,1,0,0,0,1,0,1,0
9786-IJYDL,2024-01-02,35,two_year,mailed_check,fiber_optic,113.2,3914.05,1,1,1,1,1,1,1,0,0,0,1,0
4195-PNGZS,2024-01-02,69,two_year,bank_transfer,none,24.45,1718.2,0,0,0,0,0,0,1,0,1,1,0,0
9372-TXXPS,2024-01-02,60,two_year,bank_transfer,dsl,59.85,3483.45,1,1,0,1,0,0,0,0,1,0,0,0
7734-DBOAI,2024-01-02,1,month_to_month,electronic_check,dsl,40.1,40.1,0,0,0,1,1,0,0,0,1,1,0,1
2858-MOFSQ,2024-01-02,17,one_year,mailed_check,dsl,55.85,937.5,0,0,1,0,0,0,1,0,0,1,1,1
8180-AKMJV,2024-01-02,1,month_to_month,credit_card,dsl,44.55,44.55,0,0,0,0,0,0,0,0,0,0,1,0
2690-DVRVK,2024-01-02,5,one_year,electronic_check,none,20.55,99.45,0,0,0,0,0,0,0,0,1,1,0,0
1790-NESIO,2024-01-02,13,two_year,mailed_check,none,20.4,261.3,0,0,0,0,0,0,0,0,0,0,1,0
8083-YTZES,2024-01-02,4,month_to_month,electronic_check,fiber_optic,74.35,265.35,0,0,0,0,0,0,1,0,0,0,1,1
0661-KBKPA,2024-01-02,53,one_year,mailed_check,dsl,78.75,3942.45,0,0,1,1,1,1,1,0,1,1,1,0
4139-DETXS,2024-01-02,72,two_year,bank_transfer,dsl,64.45,4528.0,1,1,1,1,1,1,0,0,1,1,0,0
1395-WSWXR,2024-01-02,24,two_year,mailed_check,none,20.75,487.05,0,0,0,0,0,0,0,0,0,0,0,0
9546-KDTRB,2024-01-02,19,month_to_month,bank_transfer,none,24.7,465.85,0,0,0,0,0,0,1,0,0,0,0,0
4291-HPAXL,2024-01-02,1,month_to_month,mailed_check,none,19.85,19.85,0,0,0,0,0,0,0,0,0,1,0,0
6198-ZFIOJ,2024-01-02,5,month_to_month,electronic_check,fiber_optic,75.6,402.5,0,0,0,0,0,0,1,0,0,0,0,0
7472-EQOAV,2024-01-02,71,one_year,bank_transfer,fiber_optic,86.7,6179.35,1,1,1,0,0,0,0,1,1,1,1,0
5997-OPVFA,2024-01-02,72,two_year,bank_transfer,dsl,89.05,6254.45,1,1,1,1,1,1,1,0,1,0,1,0
5236-XMZJY,2024-01-02,42,month_to_month,bank_transfer,dsl,59.65,2536.55,1,1,1,0,0,0,0,0,0,0,0,0
3873-NFTGI,2024-01-02,14,month_to_month,credit_card,dsl,55.5,767.55,0,1,0,0,0,0,1,0,0,0,1,0
8695-WDYEA,2024-01-02,1,month_to_month,mailed_check,dsl,51.25,51.25,1,0,0,0,0,0,0,0,0,0,0,0
4342-HENTK,2024-01-02,2,month_to_month,electronic_check,fiber_optic,70.65,142.35,0,0,0,0,0,0,0,1,0,0,1,1
8580-QVLOC,2024-01-02,72,two_year,credit_card,dsl,92.45,6440.25,1,1,1,1,1,1,1,1,1,1,0,1
3143-JQEGI,2024-01-02,13,month_to_month,electronic_check,fiber_optic,88.35,1222.8,0,0,0,0,1,1,0,0,1,1,0,1
4465-VDKIQ,2024-01-02,18,month_to_month,electronic_check,fiber_optic,77.8,1358.6,0,1,1,0,0,0,0,0,0,0,0,0
0824-VWDPO,2024-01-02,45,one_year,bank_transfer,fiber_optic,96.75,4442.75,1,1,0,0,0,1,1,0,0,0,0,0
3162-KKZXO,2024-01-02,55,one_year,electronic_check,fiber_optic,100.15,5409.75,0,0,1,0,1,1,1,1,0,0,1,0
8445-DNBAE,2024-01-02,1,month_to_month,electronic_check,dsl,50.05,50.05,0,0,0,0,0,0,1,0,0,1,1,0
2111-DWYHN,2024-01-02,1,month_to_month,mailed_check,none,21.1,21.1,0,0,0,0,0,0,0,0,0,0,0,0
2662-NNTDK,2024-01-02,65,one_year,credit_card,none,24.8,1600.95,0,0,0,0,0,0,1,0,0,0,0,0
7502-BNYGS,2024-01-02,46,month_to_month,credit_card,dsl,69.1,3168.0,0,1,0,0,1,1,0,0,1,0,1,0
5372-FBKBN,2024-01-02,21,month_to_month,mailed_check,none,20.75,452.2,0,0,0,0,0,0,0,0,0,1,0,0
4597-NUCQV,2024-01-02,24,month_to_month,electronic_check,fiber_optic,101.25,2440.15,0,1,0,0,1,1,1,1,0,0,1,1
0020-JDNXP,2024-01-02,34,one_year,mailed_check,dsl,61.25,1993.2,1,0,1,1,1,1,0,0,1,1,0,0
6599-GZWCM,2024-01-02,13,one_year,mailed_check,fiber_optic,74.65,966.25,0,1,0,0,0,0,0,0,0,0,1,0
4342-HFXWS,2024-01-02,48,one_year,bank_transfer,dsl,69.7,3023.65,1,0,1,1,1,0,0,0,1,1,0,0
5035-PGZXH,2024-01-02,56,one_year,electronic_check,fiber_optic,106.8,5914.4,0,1,1,0,1,1,1,0,0,0,1,0
8216-AZUUZ,2024-01-02,42,two_year,electronic_check,fiber_optic,100.4,4303.65,0,0,1,1,1,1,0,0,1,1,1,0
5542-DHSXL,2024-01-02,4,month_to_month,mailed_check,dsl,54.7,235.05,1,1,0,0,0,0,0,0,1,0,0,0
8498-XXGWA,2024-01-02,65,month_to_month,mailed_check,dsl,55.15,3673.15,1,0,1,0,0,0,0,0,1,0,1,0
6542-LWGXJ,2024-01-02,3,month_to_month,mailed_check,dsl,25.0,78.25,0,0,0,0,0,0,0,0,1,0,0,0
6248-TKCQV,2024-01-02,70,two_year,bank_transfer,dsl,80.6,5460.2,1,0,0,1,1,1,1,0,1,1,1,0
3068-OMWZA,2024-01-02,1,month_to_month,electronic_check,fiber_optic,88.8,88.8,0,0,1,0,1,0,1,1,0,0,1,1
2430-RRYUW,2024-01-02,66,one_year,mailed_check,dsl,54.8,3465.7,1,1,0,0,0,0,0,0,0,0,1,0
8292-TYSPY,2024-01-02,19,month_to_month,credit_card,dsl,55.0,1046.5,0,0,1,1,0,0,0,0,0,0,1,1
4589-IUAJB,2024-01-02,70,two_year,bank_transfer,none,24.25,1724.15,0,0,0,0,0,0,1,0,1,0,0,0
5693-PIPCS,2024-01-02,41,two_year,credit_card,fiber_optic,99.65,4220.35,0,1,0,1,1,1,0,0,0,0,1,0
7446-KQISO,2024-01-02,45,two_year,bank_transfer,fiber_optic,109.75,4900.65,0,1,1,1,1,1,1,0,1,1,1,0
0048-PIHNL,2024-01-02,49,one_year,bank_transfer,none,20.45,900.9,0,0,0,0,0,0,0,0,1,0,0,0
6284-AHOOQ,2024-01-02,22,month_to_month,bank_transfer,fiber_optic,90.5,1910.6,0,0,0,1,1,0,1,1,0,0,1,1
2805-EDJPQ,2024-01-02,56,one_year,credit_card,fiber_optic,99.75,5608.4,0,1,1,1,0,1,1,0,1,1,1,0
9103-TCIHJ,2024-01-02,15,month_to_month,mailed_check,dsl,55.7,899.8,1,0,0,0,0,0,1,0,0,0,1,1
9402-ROUMJ,2024-01-02,67,one_year,bank_transfer,fiber_optic,100.25,6689.0,1,0,1,1,0,1,1,0,1,1,1,0
5562-BETPV,2024-01-02,1,one_year,mailed_check,none,19.65,19.65,0,0,0,0,0,0,0,0,1,1,0,0
3167-SNQPL,2024-01-02,38,month_to_month,electronic_check,fiber_optic,101.15,3741.85,0,1,0,0,1,1,1,1,1,1,0,0
0810-DHDBD,2024-01-02,52,one_year,credit_card,dsl,74.0,3877.65,1,0,1,1,1,0,1,0,0,0,0,0
1776-SPBWV,2024-01-02,34,one_year,bank_transfer,none,20.1,682.1,0,0,0,0,0,0,0,0,1,1,1,0
9537-JALFH,2024-01-02,69,two_year,bank_transfer,none,19.9,1356.7,0,0,0,0,0,0,0,0,1,1,0,0
0702-PGIBZ,2024-01-02,4,month_to_month,electronic_check,fiber_optic,101.7,364.55,0,1,0,0,1,1,1,0,0,1,1,1
3055-VTCGS,2024-01-02,63,one_year,credit_card,dsl,58.55,3503.5,0,0,1,0,0,1,0,0,0,0,0,0
9548-LERKT,2024-01-02,24,two_year,mailed_check,none,19.75,483.15,0,0,0,0,0,0,0,0,1,0,0,0
6794-HKIAJ,2024-01-02,62,month_to_month,bank_transfer,fiber_optic,90.7,5586.45,1,1,1,0,0,0,1,0,0,0,0,0
9531-NSBMR,2024-01-02,36,one_year,bank_transfer,none,19.25,679.8,0,0,0,0,0,0,0,0,0,0,1,0
6368-NWMCE,2024-01-02,38,month_to_month,credit_card,dsl,68.15,2656.3,0,1,0,1,0,1,1,0,0,0,0,0
0643-OKLRP,2024-01-02,47,month_to_month,electronic_check,fiber_optic,80.35,3825.85,1,0,0,0,0,0,1,1,1,0,0,1
9948-YPTDG,2024-01-02,38,month_to_month,electronic_check,fiber_optic,79.45,3013.05,1,1,0,0,0,0,0,0,1,0,1,1
4879-GZLFH,2024-01-02,42,month_to_month,electronic_check,fiber_optic,92.15,3875.4,0,0,1,0,1,1,0,0,1,1,1,0
8098-TDCBU,2024-01-02,42,two_year,electronic_check,none,25.25,1108.2,0,0,0,0,0,0,1,0,1,0,0,0
5122-CYFXA,2024-01-02,3,month_to_month,electronic_check,dsl,75.3,244.1,0,1,0,1,1,1,0,0,0,0,1,0
9889-TMAHG,2024-01-02,8,month_to_month,credit_card,fiber_optic,100.3,832.35,1,0,0,1,1,1,0,1,0,0,0,1
5357-TZHPP,2024-01-02,9,month_to_month,credit_card,fiber_optic,84.4,732.5,0,0,0,0,0,1,1,1,0,0,1,1
1474-JUWSM,2024-01-02,58,one_year,electronic_check,dsl,68.4,3972.25,1,0,0,1,0,1,1,0,1,0,1,0
8399-YNDCH,2024-01-02,21,month_to_month,bank_transfer,dsl,60.05,1236.15,0,0,1,0,1,0,0,1,0,0,1,1
3847-BAERP,2024-01-02,10,month_to_month,mailed_check,none,20.9,247.0,0,0,0,0,0,0,0,0,0,0,1,0
9402-CXWPL,2024-01-02,70,one_year,electronic_check,fiber_optic,98.9,6838.6,0,1,0,0,1,1,1,0,0,0,0,0
5049-MUBWG,2024-01-02,26,one_year,bank_transfer,dsl,75.0,1908.35,1,0,0,1,1,1,0,0,0,0,0,0
4039-HEUNW,2024-01-02,36,month_to_month,electronic_check,fiber_optic,96.5,3436.1,0,1,0,0,1,1,1,1,1,0,1,1
5803-NQJZO,2024-01-02,72,two_year,bank_transfer,dsl,67.8,4804.65,1,1,1,1,0,0,1,0,1,0,1,0
4116-TZAQJ,2024-01-02,9,month_to_month,credit_card,fiber_optic,74.25,639.65,1,0,0,0,0,0,0,0,0,0,1,1
9094-AZPHK,2024-01-02,15,month_to_month,electronic_check,fiber_optic,100.15,1415.0,0,1,0,0,1,1,1,0,0,0,1,0
6121-TNHBO,2024-01-02,63,one_year,bank_transfer,dsl,83.0,5243.05,1,1,1,1,1,0,1,1,0,0,0,0
1564-HJUVY,2024-01-02,4,month_to_month,bank_transfer,dsl,63.75,226.2,0,1,0,1,1,0,0,0,0,0,1,0
7407-SUJIZ,2024-01-02,25,month_to_month,mailed_check,none,20.6,541.5,0,0,0,0,0,0,0,0,0,0,0,0
5468-BPMMO,2024-01-02,46,month_to_month,electronic_check,none,19.6,851.2,0,0,0,0,0,0,0,0,1,0,0,0
9168-INPSZ,2024-01-02,44,month_to_month,electronic_check,fiber_optic,104.15,4495.65,0,0,1,1,1,1,1,1,1,0,0,0
8942-DBMHZ,2024-01-02,12,month_to_month,mailed_check,none,20.45,255.35,0,0,0,0,0,0,0,0,0,0,0,0
8705-WZCYL,2024-01-02,1,month_to_month,electronic_check,dsl,44.8,44.8,0,0,0,0,0,0,0,0,0,0,1,0
0322-YINQP,2024-01-02,1,month_to_month,mailed_check,dsl,48.55,48.55,1,0,0,0,0,0,0,0,0,0,1,1
7000-WCEVQ,2024-01-02,20,month_to_month,mailed_check,dsl,61.6,1174.35,0,0,0,0,0,1,1,1,0,0,1,1
9739-JLPQJ,2024-01-02,72,two_year,credit_card,fiber_optic,117.5,8670.1,1,1,1,1,1,1,1,0,1,1,0,0
2794-XIMMO,2024-01-02,53,one_year,electronic_check,dsl,60.45,3184.25,0,1,1,1,1,1,0,0,1,0,1,1
9565-AXSMR,2024-01-02,52,two_year,mailed_check,none,19.2,1054.75,0,0,0,0,0,0,0,0,1,1,0,0
2880-FPNAE,2024-01-02,2,month_to_month,electronic_check,fiber_optic,74.2,140.1,0,0,1,0,0,0,0,1,1,0,1,0
3316-UWXUY,2024-01-02,50,month_to_month,credit_card,fiber_optic,93.5,4747.5,1,1,0,1,0,1,0,0,0,0,1,0
9824-BEMCV,2024-01-02,17,month_to_month,electronic_check,fiber_optic,69.0,1149.65,0,0,0,0,0,0,0,0,1,1,1,1
3256-EZDBI,2024-01-02,51,month_to_month,credit_card,dsl,29.45,1459.35,0,1,0,0,0,0,0,1,1,0,1,0
1226-IENZN,2024-01-02,16,month_to_month,electronic_check,fiber_optic,78.75,1218.25,0,0,0,0,0,1,0,1,0,0,1,0
2823-LKABH,2024-01-02,18,month_to_month,bank_transfer,fiber_optic,95.05,1679.4,0,0,1,1,0,1,1,0,0,0,1,0
6161-ERDGD,2024-01-02,71,one_year,electronic_check,dsl,85.45,6300.85,1,0,1,1,1,1,1,0,1,1,0,0
2137-DQMEV,2024-01-02,68,one_year,mailed_check,dsl,44.8,2983.65,1,1,0,0,1,0,0,0,1,1,0,0
2424-WVHPL,2024-01-02,1,month_to_month,electronic_check,fiber_optic,74.7,74.7,0,0,0,1,0,0,0,1,0,0,0,0
9945-PSVIP,2024-01-02,25,two_year,mailed_check,none,18.7,383.65,0,0,0,0,0,0,0,0,1,1,1,0
2840-XANRC,2024-01-02,24,month_to_month,electronic_check,fiber_optic,93.15,2231.05,0,0,1,0,1,1,0,1,1,0,1,1
8008-HAWED,2024-01-02,14,month_to_month,electronic_check,dsl,50.75,712.75,0,0,1,0,1,1,0,0,0,0,1,1
0412-UCCNP,2024-01-02,55,two_year,electronic_check,dsl,59.2,3175.85,1,0,1,1,0,0,0,0,0,0,1,0
6402-SSEJG,2024-01-02,25,one_year,electronic_check,dsl,61.05,1540.2,1,1,1,0,1,1,0,0,0,0,0,0
8049-WJCLQ,2024-01-02,10,month_to_month,mailed_check,dsl,60.2,563.5,0,0,1,0,1,0,0,0,1,1,0,0
2830-LEWOA,2024-01-02,61,one_year,credit_card,fiber_optic,103.9,6449.15,0,1,1,1,1,1,0,0,1,1,0,0
9780-FKVVF,2024-01-02,6,month_to_month,bank_transfer,dsl,59.15,336.7,1,0,0,0,0,1,0,0,0,0,1,0
5014-GSOUQ,2024-01-02,13,two_year,mailed_check,none,19.95,243.65,0,0,0,0,0,0,0,0,0,0,0,0
0396-HUJBP,2024-01-02,2,month_to_month,mailed_check,none,19.3,44.4,0,0,0,0,0,0,0,0,0,0,0,0
8356-WUAOJ,2024-01-02,1,month_to_month,electronic_check,dsl,45.0,45.0,0,0,0,0,0,0,0,0,1,0,1,0
5442-BHQNG,2024-01-02,2,month_to_month,electronic_check,fiber_optic,70.35,139.25,0,0,0,0,0,0,0,0,0,0,0,0
5655-JSMZM,2024-01-02,49,month_to_month,electronic_check,fiber_optic,96.2,4718.25,0,0,0,0,1,1,1,1,0,0,1,1
7065-YUNRY,2024-01-02,1,month_to_month,mailed_check,dsl,45.3,45.3,0,0,0,0,0,0,0,0,0,0,1,1
5161-XEUVX,2024-01-02,37,two_year,mailed_check,fiber_optic,94.3,3460.95,0,0,1,1,1,0,1,0,1,0,0,0
9068-FHQHD,2024-01-02,40,two_year,bank_transfer,none,20.15,777.35,0,0,0,0,0,0,0,0,1,1,0,0
8017-LXHFA,2024-01-02,23,month_to_month,electronic_check,fiber_optic,94.75,2293.6,0,1,0,0,1,1,0,1,0,0,1,1
0786-IVLAW,2024-01-02,66,one_year,bank_transfer,fiber_optic,108.1,7238.6,0,1,1,0,1,1,1,1,0,0,0,0
6100-QQHEB,2024-01-02,17,month_to_month,electronic_check,fiber_optic,92.55,1515.1,0,0,0,0,1,1,1,0,1,1,1,1
2642-DTVCO,2024-01-02,9,month_to_month,electronic_check,fiber_optic,85.05,746.5,0,0,0,0,0,1,1,1,0,0,1,1
0147-ESWWR,2024-01-02,39,month_to_month,electronic_check,fiber_optic,101.25,3949.15,0,0,0,1,1,1,1,1,1,0,1,0
2335-GSODA,2024-01-02,23,two_year,mailed_check,dsl,40.1,857.75,1,0,1,1,0,0,0,0,0,1,0,0
9602-WCXPI,2024-01-02,50,one_year,credit_card,none,20.15,989.05,0,0,0,0,0,0,0,0,0,0,0,0
0329-GTIAJ,2024-01-02,3,month_to_month,electronic_check,fiber_optic,97.9,315.3,0,1,0,1,1,1,0,0,0,0,1,1
8241-JUIQO,2024-01-02,61,one_year,bank_transfer,none,19.45,1336.35,0,0,0,0,0,0,0,0,0,0,0,0
0581-MDMPW,2024-01-02,24,month_to_month,credit_card,fiber_optic,88.95,2072.75,0,0,1,0,1,0,1,0,0,0,1,0
9314-IJWSQ,2024-01-02,14,month_to_month,electronic_check,fiber_optic,84.8,1203.9,0,0,0,0,1,0,1,0,1,1,1,0
8532-UEFWH,2024-01-02,52,two_year,mailed_check,none,25.75,1345.85,0,0,0,0,0,0,1,0,1,1,0,0
7861-UVUFT,2024-01-02,15,month_to_month,electronic_check,fiber_optic,84.3,1308.4,0,0,1,0,1,0,0,0,1,0,1,1
8383-SGHJU,2024-01-02,33,one_year,electronic_check,dsl,59.4,1952.8,1,0,0,1,0,0,1,0,0,0,0,0
8755-IWJHN,2024-01-02,69,month_to_month,bank_transfer,fiber_optic,95.35,6382.0,0,1,1,0,0,1,1,1,1,0,1,0
0123-CRBRT,2024-01-02,61,two_year,mailed_check,dsl,88.1,5526.75,1,1,1,1,1,1,1,0,1,1,0,0
2223-GDSHL,2024-01-02,71,two_year,bank_transfer,fiber_optic,116.05,8297.5,1,1,1,1,1,1,1,0,1,1,1,0
8189-HBVRW,2024-01-02,53,month_to_month,electronic_check,fiber_optic,90.8,4921.2,1,1,1,0,0,0,1,0,0,0,0,0
8495-PRWFH,2024-01-02,42,month_to_month,electronic_check,dsl,55.65,2421.75,0,0,1,0,0,0,1,1,0,0,0,0
6092-QZVPP,2024-01-02,36,month_to_month,credit_card,dsl,79.2,2854.95,1,0,1,1,1,1,0,0,0,0,1,0
5129-JLPIS,2024-01-02,25,month_to_month,electronic_check,fiber_optic,105.5,2686.05,1,0,1,1,1,1,0,0,0,0,1,0
1614-JBEBI,2024-01-02,8,month_to_month,mailed_check,none,20.7,137.6,0,0,0,0,0,0,0,0,0,0,1,0
0637-YLETY,2024-01-02,16,month_to_month,credit_card,fiber_optic,95.6,1555.65,0,1,1,0,0,1,1,0,0,0,1,1
0135-NMXAP,2024-01-02,12,month_to_month,bank_transfer,fiber_optic,89.75,1052.4,0,1,0,0,1,0,1,0,0,0,1,1
7892-POOKP,2024-01-02,28,month_to_month,electronic_check,fiber_optic,104.8,3046.05,0,0,1,1,1,1,1,0,1,0,1,1
8161-QYMTT,2024-01-02,7,month_to_month,electronic_check,fiber_optic,94.1,701.3,0,0,0,0,1,1,1,0,0,0,1,0
3001-CBHLQ,2024-01-02,32,month_to_month,electronic_check,fiber_optic,104.9,3351.55,0,0,1,1,1,1,1,1,1,0,1,1
8945-GRKHX,2024-01-02,1,month_to_month,electronic_check,fiber_optic,78.65,78.65,0,0,0,0,0,1,0,0,0,1,0,1
4625-EWPTF,2024-01-02,8,month_to_month,electronic_check,dsl,30.45,226.45,1,0,0,0,0,0,0,0,0,0,1,1
1343-EHPYB,2024-01-02,63,month_to_month,electronic_check,fiber_optic,103.4,6603.0,0,1,1,0,1,1,1,0,1,0,1,1
0375-HVGXO,2024-01-02,1,month_to_month,electronic_check,dsl,34.7,34.7,0,0,0,0,1,0,0,0,0,0,1,1
0330-BGYZE,2024-01-02,60,one_year,bank_transfer,fiber_optic,102.5,6157.6,0,1,1,0,1,1,1,0,1,0,0,0
5989-PGKJB,2024-01-02,16,month_to_month,electronic_check,fiber_optic,86.25,1340.1,0,1,0,0,0,1,0,0,0,0,1,0
8752-GHJFU,2024-01-02,71,one_year,electronic_check,fiber_optic,92.0,6585.2,1,1,1,1,0,0,1,1,1,0,1,0
4851-BQDNX,2024-01-02,40,one_year,electronic_check,fiber_optic,85.05,3355.65,0,0,1,0,1,0,0,0,1,1,1,0
7240-FQLHE,2024-01-02,18,month_to_month,bank_transfer,fiber_optic,99.75,1836.25,0,0,0,1,1,1,1,1,1,0,0,1
6175-IRFIT,2024-01-02,5,month_to_month,mailed_check,fiber_optic,78.75,426.35,0,0,0,0,0,1,0,0,0,0,0,0
6538-POCHL,2024-01-02,33,month_to_month,credit_card,fiber_optic,79.0,2576.8,0,1,1,0,0,0,0,0,0,0,1,0
3078-ZKNTS,2024-01-02,13,two_year,bank_transfer,none,19.75,246.7,0,0,0,0,0,0,0,0,1,1,1,0
5777-KJIRB,2024-01-02,40,one_year,mailed_check,dsl,50.25,2023.55,0,0,1,0,0,0,0,0,0,0,1,0
7923-IYJWY,2024-01-02,67,two_year,credit_card,fiber_optic,116.1,7839.85,1,1,1,1,1,1,1,1,0,0,1,0
2810-FTLEM,2024-01-02,16,month_to_month,electronic_check,dsl,50.15,762.25,1,0,0,0,0,0,0,0,0,0,1,1
1265-HVPZB,2024-01-02,59,one_year,credit_card,dsl,66.4,3958.2,1,1,1,0,1,0,0,0,1,0,0,0
9796-BPKIW,2024-01-02,8,month_to_month,credit_card,fiber_optic,69.95,562.7,0,0,0,0,0,0,0,1,0,0,1,0
9178-JHUVJ,2024-01-02,24,two_year,bank_transfer,none,24.1,587.4,0,0,0,0,0,0,1,0,1,1,1,0
4732-RRJZC,2024-01-02,7,month_to_month,mailed_check,none,20.25,144.35,0,0,0,0,0,0,0,0,1,1,0,0
7010-BRBUU,2024-01-02,72,two_year,credit_card,none,24.1,1734.65,0,0,0,0,0,0,1,0,1,1,0,0
9688-YGXVR,2024-01-02,44,month_to_month,credit_card,fiber_optic,88.15,3973.2,0,1,1,0,1,0,0,0,0,0,1,0
9286-DOJGF,2024-01-02,38,month_to_month,bank_transfer,fiber_optic,74.95,2869.85,0,0,0,0,0,0,1,1,1,0,1,1
6994-KERXL,2024-01-02,4,month_to_month,electronic_check,dsl,55.9,238.5,0,0,0,0,0,1,0,0,0,0,1,0
2181-UAESM,2024-01-02,2,month_to_month,electronic_check,dsl,53.45,119.5,1,0,1,0,0,0,0,0,0,0,0,0
4312-GVYNH,2024-01-02,70,two_year,bank_transfer,dsl,49.85,3370.2,1,0,1,1,0,1,0,0,1,0,1,0
2495-KZNFB,2024-01-02,33,month_to_month,electronic_check,fiber_optic,90.65,2989.6,1,0,0,0,0,1,1,0,0,0,1,0
4367-NHWMM,2024-01-02,1,month_to_month,mailed_check,dsl,24.9,24.9,0,0,0,0,0,0,0,0,0,0,1,0
8898-KASCD,2024-01-02,39,one_year,mailed_check,dsl,35.55,1309.15,0,0,1,1,0,0,0,0,0,0,0,0
8016-NCFVO,2024-01-02,55,month_to_month,electronic_check,fiber_optic,116.5,6382.55,1,1,1,1,1,1,1,1,0,0,1,0
4578-PHJYZ,2024-01-02,52,one_year,electronic_check,dsl,68.75,3482.85,0,1,1,1,1,0,0,0,1,1,1,0
2091-MJTFX,2024-01-02,30,month_to_month,credit_card,dsl,51.2,1561.5,0,0,0,1,1,1,0,0,1,1,0,1
2277-DJJDL,2024-01-02,60,month_to_month,electronic_check,fiber_optic,99.0,6017.9,0,0,0,1,1,1,1,1,1,0,1,0
2511-MORQY,2024-01-02,50,one_year,bank_transfer,dsl,54.9,2614.1,0,0,1,0,0,0,1,0,1,1,0,0
2731-GJRDG,2024-01-02,32,one_year,bank_transfer,fiber_optic,109.55,3608.0,1,0,1,1,1,1,1,0,0,0,1,0
1784-EZDKJ,2024-01-02,51,one_year,bank_transfer,fiber_optic,106.8,5498.8,0,1,1,0,1,1,1,0,1,0,1,0
2468-SJFLM,2024-01-02,1,month_to_month,mailed_check,fiber_optic,74.3,74.3,0,0,0,1,0,0,0,0,0,0,1,0
5115-SQAAU,2024-01-02,69,two_year,bank_transfer,none,25.6,1673.4,0,0,0,0,0,0,1,0,1,1,1,0
8708-XPXHZ,2024-01-02,42,month_to_month,electronic_check,fiber_optic,94.2,4186.3,0,0,0,0,1,1,1,0,1,1,1,1
0601-WZHJF,2024-01-02,14,month_to_month,electronic_check,dsl,46.35,667.7,0,0,0,0,1,1,0,0,1,0,0,1
0463-TXOAK,2024-01-02,52,two_year,credit_card,none,25.6,1334.5,0,0,0,0,0,0,1,0,0,1,0,0
4683-WYDOU,2024-01-02,62,two_year,bank_transfer,fiber_optic,107.6,6912.7,0,0,1,1,1,1,1,0,1,0,1,0
1166-PQLGG,2024-01-02,72,two_year,bank_transfer,none,19.55,1463.45,0,0,0,0,0,0,0,0,1,1,0,0
0963-ZBDRN,2024-01-02,32,month_to_month,electronic_check,fiber_optic,96.2,3183.4,0,0,0,1,1,1,0,0,0,0,1,1
4871-JTKJF,2024-01-02,1,month_to_month,electronic_check,fiber_optic,69.65,69.65,0,0,0,0,0,0,0,1,0,0,1,1
7173-TETGO,2024-01-02,72,two_year,bank_transfer,fiber_optic,78.5,5602.25,1,0,0,0,0,0,1,1,1,0,0,0
4193-ORFCL,2024-01-02,1,month_to_month,mailed_check,dsl,45.1,45.1,0,0,0,0,0,0,0,1,0,0,0,1
2692-PFYTJ,2024-01-02,1,month_to_month,mailed_check,none,25.75,25.75,0,0,0,0,0,0,1,0,0,0,1,0
2369-UAPKZ,2024-01-02,5,month_to_month,mailed_check,fiber_optic,104.1,541.9,0,1,1,0,1,1,1,0,0,0,0,1
5193-QLVZB,2024-01-02,63,two_year,bank_transfer,fiber_optic,104.75,6536.5,0,1,1,0,1,1,1,0,0,0,1,0
0379-DJQHR,2024-01-02,67,two_year,credit_card,dsl,81.35,5398.6,1,1,1,0,1,1,0,0,1,1,0,0
4657-FWVFY,2024-01-02,40,month_to_month,credit_card,fiber_optic,96.35,3915.4,0,1,1,0,1,0,1,0,1,1,1,0
0623-EJQEG,2024-01-02,65,one_year,electronic_check,fiber_optic,93.55,6069.25,1,0,0,1,0,1,1,0,0,0,0,0
1699-TLDLZ,2024-01-02,16,two_year,mailed_check,none,19.7,301.55,0,0,0,0,0,0,0,0,1,1,0,0
4501-UYKBC,2024-01-02,46,one_year,credit_card,dsl,69.1,3255.35,0,0,1,1,0,1,1,1,0,0,1,0
8158-WPEZG,2024-01-02,11,month_to_month,electronic_check,dsl,35.65,425.1,0,1,0,1,0,0,0,0,0,0,1,0
9732-EQMWY,2024-01-02,49,month_to_month,electronic_check,fiber_optic,99.4,5025.0,0,1,1,0,1,1,0,0,1,0,0,0
1099-BTKWT,2024-01-02,68,one_year,electronic_check,dsl,54.4,3723.65,1,0,1,0,1,1,0,0,1,0,1,0
4815-TUMEQ,2024-01-02,10,one_year,mailed_check,none,19.3,185.2,0,0,0,0,0,0,0,0,0,0,1,0
6407-UTSLV,2024-01-02,2,month_to_month,bank_transfer,fiber_optic,83.8,163.7,0,1,0,0,1,0,0,1,0,0,1,0
0018-NYROU,2024-01-02,5,month_to_month,electronic_check,fiber_optic,68.95,351.5,0,0,0,0,0,0,0,0,1,0,1,0
4632-XJMEX,2024-01-02,53,one_year,credit_card,dsl,62.85,3419.5,1,1,0,1,0,0,0,0,0,1,0,0
1409-PHXTF,2024-01-02,54,two_year,electronic_check,fiber_optic,110.45,6077.75,0,1,1,1,1,1,1,1,1,0,1,0
8229-TNIQA,2024-01-02,4,month_to_month,mailed_check,dsl,45.3,196.95,0,0,0,0,0,0,0,0,0,0,1,1
0529-ONKER,2024-01-02,15,month_to_month,electronic_check,fiber_optic,75.65,1146.65,0,0,0,0,0,0,1,1,0,0,0,1
3675-YDUPJ,2024-01-02,10,month_to_month,mailed_check,none,19.85,193.05,0,0,0,0,0,0,0,0,0,0,1,0
4484-CGXFK,2024-01-02,3,month_to_month,electronic_check,dsl,55.3,196.15,0,0,0,0,0,1,0,0,0,0,1,1
4443-EMBNA,2024-01-02,71,two_year,bank_transfer,none,24.75,1836.9,0,0,0,0,0,0,1,0,1,0,0,0
4280-DLSHD,2024-01-02,8,month_to_month,mailed_check,dsl,54.75,445.85,0,1,1,0,0,0,0,0,1,0,1,0
9300-AGZNL,2024-01-02,1,month_to_month,electronic_check,fiber_optic,94.0,94.0,0,0,0,0,1,1,1,1,0,0,1,1
2789-CZANW,2024-01-02,64,two_year,bank_transfer,fiber_optic,110.3,6997.3,1,1,0,1,1,1,1,0,1,1,0,0
8464-EETCQ,2024-01-02,57,two_year,credit_card,none,18.8,1094.35,0,0,0,0,0,0,0,0,0,0,0,0
7216-EWTRS,2024-01-02,1,month_to_month,electronic_check,fiber_optic,100.8,100.8,0,0,1,0,1,1,1,1,1,0,1,1
4468-KAZHE,2024-01-02,20,month_to_month,electronic_check,dsl,60.0,1259.35,0,1,0,0,0,1,0,1,1,0,1,0
8623-ULFNQ,2024-01-02,26,month_to_month,electronic_check,dsl,66.05,1652.4,0,0,0,1,0,1,1,1,0,0,1,0
9317-WZPGV,2024-01-02,2,month_to_month,bank_transfer,fiber_optic,79.75,159.4,0,0,0,0,0,1,0,1,0,0,1,1
8947-YRTDV,2024-01-02,32,one_year,mailed_check,fiber_optic,94.8,3131.55,1,1,1,0,0,1,0,0,1,1,0,0
1814-DKOLC,2024-01-02,5,month_to_month,mailed_check,none,25.45,134.75,0,0,0,0,0,0,1,0,0,0,0,0
8071-SBTRN,2024-01-02,70,two_year,mailed_check,fiber_optic,111.15,7737.55,1,1,1,0,1,1,1,0,0,0,1,0
4701-MLJPN,2024-01-02,31,month_to_month,electronic_check,dsl,55.25,1715.65,0,0,1,1,0,0,0,0,0,0,1,1
1205-WNWPJ,2024-01-02,7,month_to_month,mailed_check,dsl,59.5,415.95,0,0,0,1,1,0,0,0,0,0,1,1
6158-HDPXZ,2024-01-02,1,month_to_month,mailed_check,dsl,25.35,25.35,0,0,0,0,0,0,0,0,0,0,0,0
6683-VLCTZ,2024-01-02,20,month_to_month,electronic_check,fiber_optic,98.55,1842.8,0,0,1,0,1,1,1,1,0,0,1,1
3727-OWVYD,2024-01-02,35,one_year,mailed_check,dsl,61.2,2021.2,1,1,1,0,0,0,0,0,0,0,0,0
0856-NAOES,2024-01-02,6,month_to_month,mailed_check,dsl,60.9,414.1,0,0,1,0,1,0,0,0,0,0,0,0
0562-FGDCR,2024-01-02,72,two_year,mailed_check,dsl,74.55,5430.65,1,1,0,1,1,0,1,0,1,1,0,0
0956-SYCWG,2024-01-02,13,one_year,electronic_check,none,19.65,244.8,0,0,0,0,0,0,0,0,0,0,0,0
2277-VWCNI,2024-01-02,4,month_to_month,mailed_check,dsl,48.75,179.85,0,0,0,0,0,0,1,1,0,0,0,0
3498-LZGQZ,2024-01-02,63,two_year,mailed_check,none,19.15,1177.05,0,0,0,0,0,0,0,0,1,1,1,0
9135-MGVPY,2024-01-02,69,two_year,mailed_check,dsl,84.7,5878.9,1,1,1,1,1,1,0,0,1,0,1,0
3815-SLMEF,2024-01-02,3,month_to_month,mailed_check,dsl,34.25,139.35,1,0,0,1,0,0,0,0,0,0,0,1
4513-CXYIX,2024-01-02,71,two_year,credit_card,fiber_optic,80.7,5676.0,1,0,0,0,0,0,1,1,1,0,1,0
8944-AILEF,2024-01-02,15,month_to_month,credit_card,none,19.45,340.85,0,0,0,0,0,0,0,0,1,0,1,0
1270-XKUCC,2024-01-02,30,two_year,mailed_check,none,19.7,599.25,0,0,0,0,0,0,0,0,1,1,0,0
6633-SYEUS,2024-01-02,23,month_to_month,bank_transfer,fiber_optic,83.2,2032.3,0,1,1,1,0,0,0,0,0,0,0,0
8075-GXIUB,2024-01-02,9,one_year,credit_card,none,19.85,183.15,0,0,0,0,0,0,0,1,1,0,0,0
6016-NXBNJ,2024-01-02,35,one_year,mailed_check,none,19.15,638.0,0,0,0,0,0,0,0,0,0,0,1,0
9332-GYWLO,2024-01-02,6,month_to_month,electronic_check,dsl,54.85,355.1,0,0,0,0,1,0,0,0,1,1,0,0
3276-HDUEG,2024-01-02,1,month_to_month,mailed_check,fiber_optic,75.05,75.05,0,0,0,0,0,0,1,0,0,0,1,1
5884-FBCTL,2024-01-02,72,two_year,bank_transfer,none,25.1,1857.85,0,0,0,0,0,0,1,0,1,1,0,0
8999-YPYBV,2024-01-02,45,two_year,mailed_check,dsl,84.35,3858.05,1,1,1,1,1,1,0,0,1,1,1,0
1522-VVDMG,2024-01-02,7,month_to_month,electronic_check,fiber_optic,89.75,608.8,0,1,0,1,1,0,0,0,1,1,1,1
0848-SOMKO,2024-01-02,70,two_year,bank_transfer,dsl,48.4,3442.8,1,0,1,1,0,1,0,0,0,0,0,0
1657-DYMBM,2024-01-02,53,two_year,credit_card,none,19.9,1110.05,0,0,0,0,0,0,0,0,1,0,0,0
6923-EFPNL,2024-01-02,4,month_to_month,credit_card,dsl,51.75,201.1,0,0,0,0,0,0,1,0,0,0,0,1
2167-FQSTQ,2024-01-02,72,two_year,electronic_check,dsl,92.4,6786.1,1,1,1,1,1,1,1,0,1,0,1,0
9286-BHDQG,2024-01-02,72,two_year,credit_card,dsl,45.25,3139.8,1,1,1,1,0,0,0,0,1,1,0,0
7225-CBZPL,2024-01-02,17,month_to_month,electronic_check,fiber_optic,94.8,1563.9,0,0,0,0,1,1,1,1,1,0,1,0
5605-IYGFG,2024-01-02,7,month_to_month,bank_transfer,fiber_optic,69.85,515.45,0,0,0,0,0,0,0,0,0,0,1,0
6861-OKBCE,2024-01-02,11,month_to_month,credit_card,none,20.1,221.35,0,0,0,0,0,0,0,0,0,1,0,1
7571-YXDAD,2024-01-02,2,month_to_month,credit_card,fiber_optic,74.9,147.15,0,0,0,0,0,0,1,0,0,0,0,1
0254-FNMCI,2024-01-02,72,two_year,electronic_check,fiber_optic,109.9,7624.2,1,1,1,1,1,1,0,0,0,0,1,0
8981-FJGLA,2024-01-02,11,month_to_month,mailed_check,fiber_optic,78.0,851.8,0,0,1,0,0,0,1,0,0,1,1,0
8414-MYSHR,2024-01-02,5,month_to_month,electronic_check,fiber_optic,91.4,449.75,0,0,0,0,1,1,0,1,0,0,1,1
9274-CNFMO,2024-01-02,4,month_to_month,electronic_check,fiber_optic,74.95,308.7,0,0,0,0,0,0,1,1,1,0,0,1
3794-NFNCH,2024-01-02,30,month_to_month,mailed_check,dsl,50.0,1474.9,0,0,1,0,0,0,0,0,1,0,1,0
5158-RIVOP,2024-01-02,11,two_year,credit_card,none,20.9,202.3,0,0,0,0,0,0,0,0,1,1,0,0
1100-DDVRV,2024-01-02,17,month_to_month,mailed_check,dsl,49.8,836.35,0,1,0,0,1,1,0,0,1,0,1,0
9522-BNTHX,2024-01-02,34,month_to_month,electronic_check,dsl,56.25,1765.95,0,1,1,0,1,1,0,1,0,0,1,0
3677-IYRBF,2024-01-02,2,month_to_month,electronic_check,dsl,30.4,78.65,0,0,1,0,0,0,0,1,0,0,1,1
7009-PCARS,2024-01-02,55,one_year,bank_transfer,none,19.1,1001.5,0,0,0,0,0,0,0,0,0,1,0,0
8250-ZNGGW,2024-01-02,5,month_to_month,credit_card,dsl,59.9,287.85,1,1,0,1,0,0,0,1,0,0,0,0
0967-BMLBD,2024-01-02,11,one_year,mailed_check,none,20.0,196.35,0,0,0,0,0,0,0,0,1,1,1,0
7594-RQHXR,2024-01-02,1,month_to_month,electronic_check,fiber_optic,79.6,79.6,0,0,0,0,0,1,0,0,0,1,1,1
8966-SNIZF,2024-01-02,70,two_year,bank_transfer,none,19.45,1303.5,0,0,0,0,0,0,0,0,1,0,0,0
7235-NXZCP,2024-01-02,2,month_to_month,mailed_check,fiber_optic,74.85,156.4,0,0,0,0,0,0,1,1,0,0,1,1
0122-OAHPZ,2024-01-02,7,month_to_month,electronic_check,fiber_optic,73.85,511.25,0,0,0,0,0,0,1,0,0,0,1,1
7815-PDTHL,2024-01-02,35,two_year,mailed_check,none,20.2,684.4,0,0,0,0,0,0,0,0,0,0,1,0
8331-ZXFOE,2024-01-02,58,one_year,credit_card,dsl,71.1,4299.2,1,1,1,1,0,0,1,0,0,0,1,0
8901-UPRHR,2024-01-02,72,two_year,bank_transfer,fiber_optic,109.2,7711.45,0,1,1,1,1,1,1,0,1,1,1,0
3563-SVYLG,2024-01-02,68,two_year,credit_card,dsl,62.65,4375.8,1,1,1,1,0,0,0,0,1,1,0,0
3205-MXZRA,2024-01-02,26,one_year,credit_card,dsl,59.45,1507.0,0,0,0,1,1,0,0,0,0,0,0,0
5392-AKEMH,2024-01-02,12,month_to_month,electronic_check,dsl,45.05,523.1,0,0,0,0,0,0,0,0,0,0,1,0
8201-AAXCB,2024-01-02,25,month_to_month,electronic_check,dsl,60.35,1404.65,0,0,0,0,1,0,1,0,1,1,0,0
6919-ELBGL,2024-01-02,72,two_year,bank_transfer,fiber_optic,114.95,8196.4,1,1,1,1,1,1,1,1,1,1,1,0
0530-IJVDB,2024-01-02,70,two_year,electronic_check,fiber_optic,114.6,7882.5,1,1,1,1,1,1,1,0,0,1,1,0
5047-LHVLY,2024-01-02,1,month_to_month,mailed_check,dsl,50.15,50.15,0,0,1,0,0,0,0,1,0,1,1,1
8404-FYDIB,2024-01-02,26,month_to_month,credit_card,fiber_optic,86.65,2208.75,1,1,0,0,0,0,1,0,0,0,1,0
3415-TAILE,2024-01-02,2,month_to_month,mailed_check,dsl,65.7,134.35,0,0,0,0,1,1,0,0,1,1,0,1
2819-GWENI,2024-01-02,28,one_year,mailed_check,none,19.9,543.0,0,0,0,0,0,0,0,0,1,1,0,0
6164-HXUGH,2024-01-02,6,month_to_month,mailed_check,none,19.85,119.3,0,0,0,0,0,0,0,0,1,1,0,0
6762-QVYJO,2024-01-02,58,two_year,mailed_check,dsl,59.75,3624.35,1,0,1,1,1,1,0,0,1,1,0,0
5046-NUHWD,2024-01-02,29,month_to_month,electronic_check,dsl,45.0,1228.65,1,0,1,0,0,1,0,1,1,0,1,0
0106-GHRQR,2024-01-02,16,month_to_month,bank_transfer,dsl,71.4,1212.1,0,1,1,0,0,1,1,0,0,0,1,0
8374-XGEJJ,2024-01-02,43,month_to_month,electronic_check,fiber_optic,101.0,4388.4,0,1,0,0,1,1,1,1,1,0,1,1
2546-KZAAT,2024-01-02,52,one_year,mailed_check,dsl,75.4,3865.45,1,1,0,0,1,1,0,0,1,0,1,0
7569-NMZYQ,2024-01-02,72,two_year,bank_transfer,fiber_optic,118.75,8672.45,1,1,1,1,1,1,1,0,1,1,1,0
3279-DYZQM,2024-01-02,71,two_year,mailed_check,none,19.45,1378.45,0,0,0,0,0,0,0,0,1,1,0,0
0374-FIUCA,2024-01-02,65,two_year,credit_card,none,20.4,1414.45,0,0,0,0,0,0,0,0,1,0,1,0
3714-NTNFO,2024-01-02,49,month_to_month,electronic_check,fiber_optic,84.5,3906.7,0,0,0,0,0,1,1,0,0,0,1,0
8705-DWKTI,2024-01-02,52,month_to_month,credit_card,fiber_optic,83.8,4331.4,0,0,1,0,0,1,0,0,0,0,1,0
4195-SMMNX,2024-01-02,2,month_to_month,mailed_check,none,20.35,33.2,0,0,0,0,0,0,0,0,0,0,0,1
2599-CIPQE,2024-01-02,71,two_year,credit_card,fiber_optic,109.3,7782.85,1,1,1,1,1,1,0,0,1,1,0,0
5136-GFPMB,2024-01-02,54,month_to_month,credit_card,fiber_optic,89.4,4869.5,0,0,1,0,0,1,1,0,0,0,0,0
6476-YHMGA,2024-01-02,15,month_to_month,bank_transfer,dsl,76.5,1155.6,0,1,1,1,1,1,0,0,1,1,0,0
3055-MJDSB,2024-01-02,9,month_to_month,mailed_check,dsl,24.6,190.1,0,0,0,0,0,0,0,0,0,0,1,0
7516-GMHUV,2024-01-02,50,two_year,credit_card,fiber_optic,105.05,5163.3,1,0,1,0,1,1,1,1,1,0,1,0
5940-NFXKV,2024-01-02,19,month_to_month,electronic_check,fiber_optic,83.65,1465.75,0,0,0,0,0,1,1,0,1,1,1,1
3597-YASZG,2024-01-02,70,two_year,bank_transfer,fiber_optic,104.45,7349.35,0,1,0,1,1,1,1,1,1,0,1,0
3786-WOVKF,2024-01-02,72,one_year,bank_transfer,fiber_optic,106.85,7677.4,1,1,0,0,1,1,1,1,1,0,1,0
2806-MLNTI,2024-01-02,52,one_year,bank_transfer,fiber_optic,105.1,5376.4,0,1,1,0,1,1,1,1,1,0,1,0
0799-DDIHE,2024-01-02,15,month_to_month,electronic_check,dsl,46.3,639.45,0,0,0,0,0,0,0,0,1,1,0,0
9926-PJHDQ,2024-01-02,72,two_year,bank_transfer,dsl,76.8,5468.45,0,0,1,0,1,1,1,0,1,1,1,0
0334-GDDSO,2024-01-02,3,month_to_month,electronic_check,fiber_optic,81.35,233.7,0,1,0,0,0,0,1,1,0,0,1,1
2371-KFUOG,2024-01-02,58,one_year,bank_transfer,fiber_optic,99.15,5720.95,1,1,0,0,1,1,0,0,0,0,0,0
4634-JLRJT,2024-01-02,1,month_to_month,mailed_check,none,20.35,20.35,0,0,0,0,0,0,0,0,0,0,1,0
5886-VLQVU,2024-01-02,35,month_to_month,bank_transfer,fiber_optic,89.85,3161.2,0,0,0,1,0,1,1,0,1,0,1,0
3194-ORPIK,2024-01-02,50,month_to_month,bank_transfer,fiber_optic,84.4,4116.15,0,0,0,0,1,0,1,0,1,1,1,1
6048-NJXHX,2024-01-02,41,two_year,electronic_check,none,19.75,899.45,0,0,0,0,0,0,0,0,1,0,1,0
7860-KSUGX,2024-01-02,72,two_year,credit_card,dsl,64.45,4720.0,1,1,1,0,0,0,1,0,1,1,0,0
2925-MXLSX,2024-01-02,30,one_year,credit_card,dsl,68.95,2038.7,0,1,1,0,1,0,1,0,0,0,1,0
2933-FILNV,2024-01-02,2,month_to_month,mailed_check,dsl,24.4,36.55,0,0,0,0,0,0,0,0,1,1,1,1
7758-XKCBS,2024-01-02,15,month_to_month,electronic_check,dsl,29.7,438.25,0,0,0,1,0,0,0,0,0,0,1,1
2027-DNKIV,2024-01-02,37,one_year,mailed_check,dsl,58.75,2203.1,1,0,1,1,0,0,0,0,1,1,1,0
4751-ERMAN,2024-01-02,72,two_year,bank_transfer,dsl,75.4,5480.25,0,1,1,0,1,1,0,0,1,1,1,0
8224-KDLKN,2024-01-02,72,two_year,bank_transfer,none,25.0,1738.9,0,0,0,0,0,0,1,0,1,1,0,0
7929-SKFGK,2024-01-02,70,two_year,credit_card,fiber_optic,114.3,8244.3,1,1,1,1,1,1,1,0,1,0,0,0
8329-IBCTI,2024-01-02,1,month_to_month,mailed_check,none,19.65,19.65,0,0,0,0,0,0,0,0,0,0,0,1
5016-IBERQ,2024-01-02,23,month_to_month,electronic_check,fiber_optic,84.25,1968.1,0,1,1,0,0,0,1,0,1,0,0,0
5405-ZMYXQ,2024-01-02,8,month_to_month,credit_card,fiber_optic,74.6,548.9,0,0,0,0,0,0,1,0,0,0,1,0
7841-TZDMQ,2024-01-02,2,month_to_month,credit_card,dsl,46.0,84.5,0,0,0,0,0,0,0,0,0,0,1,1
9754-CLVZW,2024-01-02,26,month_to_month,credit_card,dsl,38.85,1025.15,1,1,0,1,0,0,0,0,1,1,0,0
9503-XJUME,2024-01-02,52,one_year,credit_card,none,19.65,928.4,0,0,0,0,0,0,0,0,0,1,0,0
3298-QEICA,2024-01-02,23,two_year,mailed_check,dsl,34.6,813.45,1,0,0,1,0,0,0,0,1,1,0,0
9420-LOJKX,2024-01-02,15,month_to_month,credit_card,fiber_optic,99.1,1426.4,1,1,0,0,1,1,0,0,0,0,1,1
3391-JSQEW,2024-01-02,40,month_to_month,mailed_check,dsl,50.15,2058.5,0,1,0,0,0,0,0,0,1,0,1,0
4939-KYYPY,2024-01-02,27,month_to_month,electronic_check,dsl,59.45,1611.65,0,0,1,1,0,0,1,0,0,0,0,0
2061-VVFST,2024-01-02,37,month_to_month,bank_transfer,none,19.5,805.2,0,0,0,0,0,0,0,0,1,0,0,0
6480-YAGIY,2024-01-02,45,one_year,credit_card,fiber_optic,112.2,5031.85,1,1,1,1,1,1,0,0,0,0,0,0
0330-IVZHA,2024-01-02,5,month_to_month,electronic_check,fiber_optic,69.95,330.15,0,0,0,0,0,0,0,0,1,0,0,1
7161-DFHUF,2024-01-02,71,two_year,mailed_check,none,23.85,1672.1,0,0,0,0,0,0,1,0,1,0,0,0
1260-TTRXI,2024-01-02,4,month_to_month,electronic_check,dsl,54.3,195.3,0,0,0,0,0,1,0,0,0,0,0,1
8577-QSOCG,2024-01-02,38,two_year,mailed_check,none,20.2,746.05,0,0,0,0,0,0,0,0,1,1,1,0
8963-JLGJT,2024-01-02,3,month_to_month,mailed_check,dsl,55.9,157.55,1,0,1,0,0,0,0,0,0,1,0,0
3266-FTKHB,2024-01-02,17,two_year,mailed_check,none,19.15,343.45,0,0,0,0,0,0,0,0,0,0,0,0
6122-LJADA,2024-01-02,70,two_year,credit_card,dsl,90.15,6237.05,1,1,1,1,1,1,1,0,1,1,1,0
8710-YGLWG,2024-01-02,1,month_to_month,mailed_check,dsl,44.9,44.9,0,0,0,0,0,0,0,0,0,0,1,0
6463-HHXJR,2024-01-02,71,two_year,bank_transfer,fiber_optic,100.5,7030.65,1,1,1,0,1,0,1,0,1,1,0,0
9576-SYUHJ,2024-01-02,37,month_to_month,electronic_check,fiber_optic,91.15,3369.25,1,0,0,0,1,0,1,0,0,0,1,0
9289-LBQVU,2024-01-02,64,one_year,mailed_check,dsl,70.15,4480.7,0,1,0,1,0,1,1,0,1,0,1,0
2207-QPJED,2024-01-02,37,month_to_month,electronic_check,fiber_optic,90.0,3371.75,0,0,1,1,1,0,0,1,1,0,0,0
6990-YNRIO,2024-01-02,65,two_year,bank_transfer,fiber_optic,108.65,6937.95,1,0,1,1,1,1,1,0,1,1,0,1
0489-WMEMG,2024-01-02,23,one_year,electronic_check,dsl,49.45,1119.35,0,0,0,1,0,0,0,0,0,1,1,0
2189-UXTKY,2024-01-02,22,month_to_month,electronic_check,dsl,79.2,1742.75,1,0,0,1,1,1,1,0,1,0,1,1
7105-MXJLL,2024-01-02,26,one_year,mailed_check,dsl,60.7,1597.4,0,0,1,0,0,1,0,1,1,0,0,0
7133-VBDCG,2024-01-02,25,month_to_month,bank_transfer,fiber_optic,79.85,2015.35,1,1,0,0,0,0,0,0,0,0,1,1
9933-QRGTX,2024-01-02,60,two_year,electronic_check,fiber_optic,97.2,5611.75,1,0,0,1,1,1,0,0,1,0,1,0
6356-ELRKD,2024-01-02,1,month_to_month,electronic_check,fiber_optic,95.6,95.6,1,0,0,0,1,1,0,0,0,0,1,1
2194-IIQOF,2024-01-02,71,two_year,credit_card,dsl,89.3,6388.65,1,1,1,1,1,1,1,0,1,0,0,0
8063-GBATB,2024-01-02,27,month_to_month,electronic_check,fiber_optic,85.25,2287.25,0,0,0,0,0,1,1,1,0,0,1,1
9611-CTWIH,2024-01-02,3,month_to_month,electronic_check,fiber_optic,89.45,240.45,0,0,0,0,1,1,0,0,0,0,1,1
3571-DPYUH,2024-01-02,58,one_year,credit_card,fiber_optic,94.7,5430.35,0,1,0,1,1,0,1,0,1,1,1,0
8519-QJGJD,2024-01-02,14,month_to_month,electronic_check,fiber_optic,75.35,1025.95,0,0,1,0,0,0,0,0,0,0,0,1
5846-NEQVZ,2024-01-02,71,two_year,credit_card,dsl,70.85,4973.4,1,0,1,1,0,1,0,0,1,1,1,0
6022-KOUQO,2024-01-02,2,month_to_month,bank_transfer,dsl,29.05,44.75,0,0,0,1,0,0,0,0,1,1,0,0
7205-BAIAD,2024-01-02,40,two_year,bank_transfer,none,20.6,827.3,0,0,0,0,0,0,0,0,0,0,1,0
9574-BOSMD,2024-01-02,68,two_year,bank_transfer,none,25.4,1620.2,0,0,0,0,0,0,1,0,1,1,0,0
4884-TVUQF,2024-01-02,57,two_year,credit_card,fiber_optic,101.3,5779.6,1,0,1,1,0,1,1,1,0,0,0,0
6439-GTPCA,2024-01-02,45,month_to_month,electronic_check,fiber_optic,87.25,3941.7,0,0,1,1,0,0,1,0,0,0,1,1
3795-CAWEX,2024-01-02,70,two_year,credit_card,fiber_optic,116.55,8152.3,1,1,1,1,1,1,1,0,1,1,1,0
7821-DPRQE,2024-01-02,68,month_to_month,electronic_check,fiber_optic,107.7,7320.9,1,1,0,1,1,1,1,0,1,0,1,0
4983-CLMLV,2024-01-02,52,month_to_month,credit_card,fiber_optic,102.7,5138.1,0,1,0,1,1,1,1,0,1,0,1,0
2380-DAMQP,2024-01-02,72,two_year,electronic_check,fiber_optic,115.15,8349.7,1,1,1,1,1,1,1,0,1,0,0,0
7534-BFESC,2024-01-02,24,month_to_month,electronic_check,fiber_optic,76.1,1712.7,0,0,0,0,0,0,1,1,0,0,1,1
6695-FRVEC,2024-01-02,67,two_year,bank_transfer,dsl,60.4,3953.7,1,0,1,1,0,0,0,0,1,1,1,0
0361-HJRDX,2024-01-02,68,two_year,credit_card,dsl,64.35,4539.6,1,1,1,1,1,1,0,0,0,0,0,0
0354-VXMJC,2024-01-02,23,two_year,credit_card,none,19.6,426.65,0,0,0,0,0,0,0,0,1,1,0,0
6559-ILWKJ,2024-01-02,71,two_year,electronic_check,dsl,49.35,3515.25,0,1,0,0,1,1,0,0,1,0,0,1
9895-VFOXH,2024-01-02,1,month_to_month,mailed_check,dsl,24.4,24.4,0,0,0,0,0,0,0,0,0,0,0,0
8229-BUJHX,2024-01-02,71,two_year,bank_transfer,none,20.5,1500.95,0,0,0,0,0,0,0,0,1,1,0,0
4476-OSWTN,2024-01-02,69,one_year,mailed_check,fiber_optic,110.55,7610.1,1,0,1,1,1,1,1,1,1,0,1,0
2995-UPRYS,2024-01-02,40,one_year,credit_card,fiber_optic,99.2,4062.2,0,1,0,1,1,1,0,1,1,0,1,1
9208-OLGAQ,2024-01-02,18,month_to_month,electronic_check,fiber_optic,84.95,1443.65,0,0,1,0,0,1,0,1,0,0,1,0
4124-MMETB,2024-01-02,22,month_to_month,credit_card,fiber_optic,94.65,2104.55,0,0,0,0,1,1,1,0,0,0,1,1
8882-TLVRW,2024-01-02,69,two_year,mailed_check,dsl,39.1,2779.5,1,0,1,1,0,0,0,0,1,1,0,0
2957-JIRMN,2024-01-02,62,one_year,electronic_check,fiber_optic,84.45,4959.15,0,0,0,0,1,0,1,1,0,0,0,0
3646-ITDGM,2024-01-02,56,two_year,bank_transfer,none,19.7,1051.9,0,0,0,0,0,0,0,0,0,0,0,0
2673-ZALNP,2024-01-02,7,one_year,mailed_check,none,19.9,173.15,0,0,0,0,0,0,0,0,0,0,0,0
9975-SKRNR,2024-01-02,1,month_to_month,mailed_check,none,18.9,18.9,0,0,0,0,0,0,0,0,0,0,0,0
3724-UCSHY,2024-01-02,6,month_to_month,mailed_check,none,19.55,122.9,0,0,0,0,0,0,0,0,1,1,0,0
0259-GBZSH,2024-01-02,2,month_to_month,electronic_check,fiber_optic,85.65,181.5,0,0,0,0,1,0,1,0,0,0,1,1
7130-CTCUS,2024-01-02,16,month_to_month,bank_transfer,dsl,54.55,825.1,1,1,0,0,0,0,0,1,1,0,1,0
8150-QUDFX,2024-01-02,2,month_to_month,mailed_check,none,19.85,51.6,0,0,0,0,0,0,0,0,0,0,0,0
8218-FFJDS,2024-01-02,72,two_year,bank_transfer,dsl,86.4,6058.95,1,1,0,1,1,1,1,0,1,0,1,0
8259-NFJTV,2024-01-02,7,month_to_month,mailed_check,dsl,34.65,246.6,1,0,0,1,0,0,0,0,1,1,0,0
7909-FIOIY,2024-01-02,19,month_to_month,mailed_check,dsl,24.85,434.8,0,0,0,0,0,0,0,0,1,1,1,0
3317-VLGQT,2024-01-02,14,month_to_month,electronic_check,fiber_optic,78.1,1122.4,0,0,0,0,0,1,0,0,1,0,1,0
2722-VOJQL,2024-01-02,64,one_year,credit_card,fiber_optic,105.65,6903.1,0,1,0,1,1,1,1,0,0,0,1,1
0584-BJQGZ,2024-01-02,25,month_to_month,bank_transfer,dsl,78.35,1837.9,1,1,1,1,1,0,1,0,0,0,1,0
6732-VAILE,2024-01-02,70,two_year,credit_card,dsl,85.95,5931.75,0,1,1,1,1,1,1,0,1,1,1,0
1302-TPUBN,2024-01-02,66,two_year,bank_transfer,none,19.35,1240.8,0,0,0,0,0,0,0,0,0,0,0,0
8380-PEFPE,2024-01-02,1,month_to_month,electronic_check,fiber_optic,71.65,71.65,0,0,0,0,0,0,0,0,0,1,1,1
7402-PWYJJ,2024-01-02,53,one_year,electronic_check,fiber_optic,91.15,4862.5,0,0,0,1,0,1,1,0,1,0,1,0
4250-FDVOU,2024-01-02,6,month_to_month,electronic_check,dsl,56.25,389.1,1,1,0,0,0,0,0,0,0,0,0,1
9128-CPXKI,2024-01-02,59,two_year,electronic_check,fiber_optic,95.8,5655.45,0,0,1,0,1,1,0,0,0,0,0,0
4183-WCSEP,2024-01-02,31,month_to_month,electronic_check,fiber_optic,78.45,2435.15,0,1,0,1,0,0,0,0,0,0,1,1
0404-SWRVG,2024-01-02,3,month_to_month,electronic_check,fiber_optic,74.4,229.55,0,0,0,0,0,0,1,0,0,0,1,1
6227-HWPWX,2024-01-02,15,month_to_month,bank_transfer,fiber_optic,69.0,994.8,0,0,0,0,0,0,0,0,0,1,0,1
1899-VXWXM,2024-01-02,48,one_year,credit_card,fiber_optic,106.1,5082.8,0,1,1,0,1,1,1,0,0,0,1,1
8450-JOVAH,2024-01-02,2,month_to_month,mailed_check,dsl,56.7,113.55,1,0,0,0,0,0,1,0,1,1,0,1
4550-VBOFE,2024-01-02,70,month_to_month,electronic_check,fiber_optic,102.95,7101.5,0,1,1,0,1,1,1,1,1,0,1,1
9546-CQJSU,2024-01-02,2,month_to_month,electronic_check,fiber_optic,91.4,193.6,0,0,1,0,1,0,1,0,0,0,1,1
4789-KWMXN,2024-01-02,47,one_year,credit_card,fiber_optic,110.85,5275.8,1,0,1,1,1,1,1,0,1,0,1,1
0835-DUUIQ,2024-01-02,24,one_year,bank_transfer,none,21.05,531.55,0,0,0,0,0,0,0,0,0,1,0,0
1855-AGAWH,2024-01-02,31,one_year,electronic_check,fiber_optic,93.8,2939.8,0,0,1,0,1,1,0,0,1,0,1,0
9079-YEXQJ,2024-01-02,54,month_to_month,electronic_check,fiber_optic,111.1,6014.85,0,1,1,1,1,1,1,0,0,0,0,1
3577-AMVUX,2024-01-02,1,month_to_month,mailed_check,dsl,55.05,55.05,0,0,1,1,0,0,0,0,0,0,0,0
2316-ESMLS,2024-01-02,12,one_year,credit_card,dsl,33.15,444.75,1,0,0,1,0,0,0,0,1,1,0,0
9426-SXNHE,2024-01-02,2,month_to_month,bank_transfer,none,18.75,53.15,0,0,0,0,0,0,0,0,0,0,0,0
8550-XSXUQ,2024-01-02,48,one_year,credit_card,dsl,70.55,3420.5,0,1,1,0,0,1,1,0,1,0,1,0
0723-DRCLG,2024-01-02,1,month_to_month,electronic_check,fiber_optic,74.45,74.45,0,0,0,0,0,0,1,1,1,0,1,1
2176-OSJUV,2024-01-02,71,two_year,bank_transfer,dsl,65.15,4681.75,1,1,0,1,0,0,1,0,1,0,0,0
0107-WESLM,2024-01-02,1,month_to_month,electronic_check,none,19.85,19.85,0,0,0,0,0,0,0,0,0,0,1,1
8626-XHBIE,2024-01-02,56,two_year,mailed_check,none,24.8,1424.2,0,0,0,0,0,0,1,0,0,1,1,0
0188-GWFLE,2024-01-02,2,month_to_month,mailed_check,none,20.05,33.7,0,0,0,0,0,0,0,0,0,0,0,0
8166-ZZTFS,2024-01-02,66,two_year,bank_transfer,dsl,80.55,5265.1,0,1,1,0,1,1,1,1,1,0,1,1
5774-QPLTF,2024-01-02,50,one_year,mailed_check,none,20.35,938.95,0,0,0,0,0,0,0,0,1,1,1,0
0929-PECLO,2024-01-02,63,month_to_month,bank_transfer,fiber_optic,89.6,5538.8,0,0,1,0,0,1,1,1,0,0,1,0
5696-QURRL,2024-01-02,1,month_to_month,mailed_check,dsl,45.05,45.05,0,0,0,0,0,0,0,0,0,0,1,1
8124-NZVGJ,2024-01-02,6,one_year,mailed_check,dsl,49.25,255.6,0,0,0,1,1,1,0,0,0,0,1,0
4130-MZLCC,2024-01-02,5,month_to_month,bank_transfer,dsl,50.55,244.75,0,1,0,0,0,0,0,0,0,0,0,0
4489-SNOJF,2024-01-02,35,month_to_month,electronic_check,dsl,72.25,2568.55,1,0,1,1,1,0,1,0,1,1,0,1
8984-HPEMB,2024-01-02,71,two_year,electronic_check,fiber_optic,118.65,8477.6,1,1,1,1,1,1,1,0,0,0,1,0
4615-PIVVU,2024-01-02,42,two_year,credit_card,dsl,66.5,2762.75,0,0,1,1,0,1,0,0,0,0,0,0
6848-HJTXY,2024-01-02,64,two_year,credit_card,none,19.45,1208.6,0,0,0,0,0,0,0,0,1,0,0,0
8757-TFHHJ,2024-01-02,1,month_to_month,credit_card,dsl,49.8,49.8,1,0,0,0,0,0,0,0,0,0,1,0
4603-JANFB,2024-01-02,1,month_to_month,electronic_check,fiber_optic,69.85,69.85,0,0,0,0,0,0,0,0,0,0,1,1
8565-HBFNN,2024-01-02,69,one_year,credit_card,fiber_optic,107.2,7317.1,1,1,1,1,0,1,1,0,1,0,1,0
7422-WNBTY,2024-01-02,33,month_to_month,electronic_check,fiber_optic,93.35,3092.0,0,1,1,0,0,1,1,0,1,0,1,0
4712-UYOOI,2024-01-02,20,month_to_month,electronic_check,none,20.0,417.65,0,0,0,0,0,0,0,0,1,1,0,0
3372-CDXFJ,2024-01-02,13,one_year,bank_transfer,none,24.5,343.6,0,0,0,0,0,0,1,0,1,1,0,0
5353-WILCI,2024-01-02,28,month_to_month,electronic_check,dsl,56.05,1522.65,1,1,0,0,0,0,0,0,0,0,0,0
0988-AADSA,2024-01-02,72,two_year,bank_transfer,dsl,80.85,5824.75,1,1,1,1,0,1,1,0,1,1,0,0
8270-RKSAP,2024-01-02,9,month_to_month,electronic_check,fiber_optic,70.5,597.9,0,0,0,0,0,0,0,0,0,0,1,0
5954-BDFSG,2024-01-02,72,two_year,credit_card,fiber_optic,107.5,7853.7,0,0,1,1,1,1,1,0,0,0,1,0
5792-JALQC,2024-01-02,52,two_year,bank_transfer,dsl,59.85,3103.25,1,0,1,0,0,0,1,1,0,0,0,0
2202-OUTMO,2024-01-02,34,month_to_month,bank_transfer,dsl,60.85,2003.6,1,0,0,1,0,0,1,0,1,0,1,0
9028-LIHRP,2024-01-02,71,two_year,credit_card,fiber_optic,100.2,7209.0,1,1,1,1,1,0,0,0,1,1,0,0
9150-KPBJQ,2024-01-02,6,two_year,credit_card,none,19.65,116.85,0,0,0,0,0,0,0,0,0,0,0,0
4003-OCTMP,2024-01-02,31,one_year,electronic_check,dsl,64.0,1910.75,1,0,0,1,0,1,0,0,1,0,1,0
8775-LHDJH,2024-01-02,1,month_to_month,electronic_check,fiber_optic,90.6,90.6,0,1,0,0,1,0,1,1,1,0,1,1
6770-UAYGJ,2024-01-02,49,two_year,mailed_check,none,25.25,1211.65,0,0,0,0,0,0,1,0,1,1,0,0
7596-IIWYC,2024-01-02,27,two_year,bank_transfer,none,20.25,538.2,0,0,0,0,0,0,0,0,0,0,1,0
0887-WBJVH,2024-01-02,53,one_year,electronic_check,fiber_optic,93.45,4872.2,0,0,0,1,1,1,0,0,1,0,1,0
8840-DQLGN,2024-01-02,35,month_to_month,bank_transfer,fiber_optic,100.5,3653.35,1,1,0,1,1,0,1,1,1,0,1,1
8413-VONUO,2024-01-02,2,month_to_month,electronic_check,fiber_optic,95.65,167.3,0,1,0,0,1,1,0,0,0,0,0,1
9281-PKKZE,2024-01-02,46,month_to_month,electronic_check,dsl,43.95,2007.85,0,0,0,0,1,1,0,0,1,0,1,0
5186-PEIZU,2024-01-02,35,month_to_month,bank_transfer,none,19.25,617.65,0,0,0,0,0,0,0,0,0,0,0,0
6339-YPSAH,2024-01-02,9,month_to_month,electronic_check,fiber_optic,73.8,704.3,0,0,1,0,0,0,0,0,0,0,1,0
2324-EFHVG,2024-01-02,64,two_year,bank_transfer,fiber_optic,104.4,6692.65,0,1,1,0,1,1,1,0,0,0,1,0
1918-ZBFQJ,2024-01-02,13,month_to_month,electronic_check,fiber_optic,79.25,1111.65,0,1,1,0,0,0,0,0,0,0,1,1
6968-GMKPR,2024-01-02,55,month_to_month,electronic_check,fiber_optic,81.55,4509.5,0,1,1,0,0,0,0,0,0,0,1,0
3062-ICYZQ,2024-01-02,51,month_to_month,electronic_check,fiber_optic,93.8,4539.35,1,1,0,0,0,1,1,0,1,1,1,0
2233-FAGXV,2024-01-02,5,month_to_month,mailed_check,none,24.3,132.25,0,0,0,0,0,0,1,0,1,1,1,0
6017-PPLPX,2024-01-02,20,month_to_month,electronic_check,fiber_optic,70.45,1470.95,0,0,0,0,0,0,0,0,1,1,1,1
1982-FEBTD,2024-01-02,23,two_year,credit_card,none,25.6,514.75,0,0,0,0,0,0,1,0,1,1,1,0
9705-IOVQQ,2024-01-02,61,one_year,electronic_check,fiber_optic,99.0,5969.3,0,1,0,0,1,1,1,1,1,1,0,0
6288-CHQJB,2024-01-02,54,two_year,bank_transfer,dsl,69.95,3871.85,1,0,1,1,0,1,0,0,1,1,0,0
3315-TOTBP,2024-01-02,15,month_to_month,mailed_check,fiber_optic,76.0,1130.85,0,0,0,0,0,0,1,0,0,0,1,1
6096-EGVTU,2024-01-02,64,one_year,mailed_check,none,24.9,1595.5,0,0,0,0,0,0,1,0,1,1,0,0
2937-FTHUR,2024-01-02,18,month_to_month,electronic_check,dsl,64.8,1166.7,1,0,0,0,0,1,1,0,0,1,0,0
4062-HBMOS,2024-01-02,52,month_to_month,electronic_check,fiber_optic,103.05,5364.8,0,1,1,0,1,1,1,0,0,0,1,0
2387-KDZQY,2024-01-02,17,one_year,mailed_check,none,20.1,279.5,0,0,0,0,0,0,0,0,0,0,1,0
4609-KNNWG,2024-01-02,27,two_year,mailed_check,none,19.9,550.1,0,0,0,0,0,0,0,0,1,1,0,0
0409-WTMPL,2024-01-02,58,one_year,credit_card,fiber_optic,110.65,6526.65,1,1,1,0,1,1,1,0,1,0,1,0
3766-EJLFL,2024-01-02,68,two_year,bank_transfer,fiber_optic,109.05,7508.55,1,0,1,1,1,1,1,0,1,1,1,0
4232-JGKIY,2024-01-02,1,month_to_month,electronic_check,none,19.2,19.2,0,0,0,0,0,0,0,0,0,0,0,0
0334-ZFJSR,2024-01-02,55,one_year,credit_card,dsl,66.05,3462.1,1,1,0,1,0,0,1,0,1,0,1,0
6582-OIVSP,2024-01-02,1,month_to_month,mailed_check,dsl,45.3,45.3,0,0,0,0,0,0,0,0,0,0,0,0
8661-BOYNW,2024-01-02,72,two_year,credit_card,dsl,84.4,6096.45,1,0,1,1,1,1,1,0,1,0,1,0
4257-GAESD,2024-01-02,6,month_to_month,credit_card,dsl,45.0,298.7,0,0,0,0,1,1,0,0,0,0,0,0
8785-CJSHH,2024-01-02,60,month_to_month,electronic_check,fiber_optic,99.8,5985.75,0,1,0,0,1,1,1,0,1,0,1,0
5469-CTCWN,2024-01-02,61,one_year,electronic_check,fiber_optic,106.0,6547.7,1,1,0,0,1,1,1,0,1,1,1,1
2839-RFSQE,2024-01-02,2,month_to_month,mailed_check,none,20.65,38.7,0,0,0,0,0,0,0,0,0,0,0,1
4890-VMUAV,2024-01-02,63,one_year,electronic_check,dsl,71.5,4576.3,1,1,1,1,0,0,1,0,0,0,0,0
3365-SAIGS,2024-01-02,17,month_to_month,electronic_check,fiber_optic,83.55,1329.15,0,1,0,0,1,0,0,0,0,0,1,0
0946-CLJTI,2024-01-02,58,month_to_month,electronic_check,fiber_optic,98.7,5812.6,0,0,1,0,1,1,1,1,1,0,1,1
3920-HIHMQ,2024-01-02,26,month_to_month,mailed_check,dsl,49.5,1265.65,0,0,0,0,0,0,1,0,0,1,1,0
5307-UVGNB,2024-01-02,53,month_to_month,bank_transfer,dsl,48.7,2495.2,1,1,1,0,0,1,0,0,1,1,1,0
8780-RSYYU,2024-01-02,25,month_to_month,credit_card,none,19.2,532.1,0,0,0,0,0,0,0,0,0,0,1,0
0742-NXBGR,2024-01-02,1,month_to_month,electronic_check,fiber_optic,82.3,82.3,0,1,1,0,0,0,0,0,0,0,1,1
8067-NIOYM,2024-01-02,24,two_year,credit_card,none,21.1,490.65,0,0,0,0,0,0,0,0,1,1,1,0
5916-QEWPT,2024-01-02,2,month_to_month,credit_card,dsl,69.0,147.8,0,0,1,0,1,1,0,0,1,0,0,0
1029-QFBEN,2024-01-02,1,month_to_month,mailed_check,none,19.55,19.55,0,0,0,0,0,0,0,0,0,0,0,1
9251-WNSOD,2024-01-02,67,one_year,mailed_check,dsl,75.1,5064.45,1,1,1,0,0,1,1,0,1,0,0,0
6576-FBXOJ,2024-01-02,17,one_year,electronic_check,dsl,54.6,934.8,0,0,1,1,1,1,0,0,1,0,0,0
2501-XWWTZ,2024-01-02,11,month_to_month,electronic_check,fiber_optic,70.2,760.05,0,0,0,0,0,0,0,0,0,0,0,0
6080-LNESI,2024-01-02,51,two_year,mailed_check,none,24.75,1234.6,0,0,0,0,0,0,1,0,0,0,0,0
7245-NIIWQ,2024-01-02,3,month_to_month,electronic_check,fiber_optic,69.85,199.85,0,0,0,0,0,0,0,0,0,0,1,0
6567-HOOPW,2024-01-02,1,month_to_month,electronic_check,fiber_optic,79.2,79.2,0,0,0,0,1,0,0,1,0,0,1,1
4550-EVXNY,2024-01-02,1,month_to_month,electronic_check,fiber_optic,69.65,69.65,0,0,0,0,0,0,0,0,0,1,1,1
6437-UDQJM,2024-01-02,72,two_year,credit_card,dsl,84.1,6129.65,1,1,1,0,1,1,1,1,1,0,1,0
0297-RBCSG,2024-01-02,19,one_year,bank_transfer,dsl,65.35,1231.85,0,1,0,1,0,1,0,0,0,0,1,0
2097-YVPKN,2024-01-02,65,two_year,mailed_check,none,25.75,1654.75,0,0,0,0,0,0,1,0,0,0,0,0
0853-NWIFK,2024-01-02,45,one_year,electronic_check,fiber_optic,100.3,4483.95,1,1,0,0,1,1,0,0,0,0,1,0
4853-OITSN,2024-01-02,5,month_to_month,electronic_check,fiber_optic,89.15,413.25,1,0,0,0,0,1,1,0,1,0,1,0
6128-DAFVY,2024-01-02,56,month_to_month,credit_card,dsl,44.85,2564.95,0,0,0,0,1,1,0,0,0,0,1,0
1197-BVMVG,2024-01-02,4,month_to_month,electronic_check,fiber_optic,74.45,294.45,0,0,0,0,0,0,1,1,0,0,1,0
7508-DQAKK,2024-01-02,64,two_year,credit_card,dsl,86.4,5442.05,1,1,1,1,1,1,1,0,0,0,1,0
9938-PRCVK,2024-01-02,41,two_year,bank_transfer,none,19.7,804.25,0,0,0,0,0,0,0,0,1,1,0,0
0289-IVARM,2024-01-02,35,month_to_month,electronic_check,dsl,60.55,1982.6,1,1,1,0,0,0,0,0,0,0,0,0
8260-NGFNY,2024-01-02,1,month_to_month,mailed_check,dsl,25.2,25.2,0,0,0,0,0,0,0,0,0,0,0,1
7074-IEVOJ,2024-01-02,3,month_to_month,electronic_check,fiber_optic,79.4,205.05,0,1,0,0,0,0,1,1,0,0,1,1
6614-YWYSC,2024-01-02,61,two_year,bank_transfer,none,25.0,1501.75,0,0,0,0,0,0,1,1,1,0,0,0
8473-VUVJN,2024-01-02,1,month_to_month,electronic_check,fiber_optic,73.65,73.65,0,0,0,0,0,0,1,1,0,0,1,1
6693-DJWTY,2024-01-02,35,one_year,credit_card,dsl,55.6,2016.45,1,1,0,0,0,0,0,0,0,1,0,0
3655-SNQYZ,2024-01-02,69,two_year,credit_card,fiber_optic,113.25,7895.15,1,1,1,1,1,1,1,0,1,1,0,0
2845-KDHVX,2024-01-02,64,two_year,mailed_check,dsl,68.3,4378.8,0,1,1,1,0,1,0,0,1,0,1,0
5027-YOCXN,2024-01-02,51,one_year,credit_card,fiber_optic,110.05,5686.4,1,1,0,1,1,1,1,0,1,1,0,0
8884-MRNSU,2024-01-02,17,one_year,bank_transfer,none,19.9,329.75,0,0,0,0,0,0,0,0,1,1,0,0
0567-XRHCU,2024-01-02,69,two_year,credit_card,dsl,43.95,2960.1,1,0,1,0,0,1,0,0,1,1,1,0
5868-CZJDR,2024-01-02,1,month_to_month,mailed_check,dsl,31.35,31.35,0,1,0,0,0,0,0,0,0,1,1,1
4223-BKEOR,2024-01-02,21,one_year,mailed_check,dsl,64.85,1336.8,1,0,1,0,0,1,0,0,0,1,0,0
